"pilgrimage_name","review_text"
"The Sanatorium Fire Temple","A beautiful place with a rich history."
"Yazd Fire Temple","A beautiful place with a rich history."
"Zoroastrian Centre of Canada","A beautiful place with a rich history."
"Fire Temple of Udwada","A beautiful place with a rich history."
"Agiary Mumbai","A beautiful place with a rich history."
"Dilwara Temple","A beautiful place with a rich history."
"Jain Temple, Melbourne","A beautiful place with a rich history."
"Kirti Garbha Temple","A beautiful place with a rich history."
"Jain Temple, Kulpakji","A beautiful place with a rich history."
"Jain Temple, Khajuraho","A beautiful place with a rich history."
"Jain Temple, Ranakpur","A beautiful place with a rich history."
"Uluwatu Temple","A beautiful place with a rich history."
"Maha Bodhi Temple","A beautiful place with a rich history."
"Boudha Nath Stupa","A beautiful place with a rich history."
"Angkor Wat","A beautiful place with a rich history."
"The Temple of Emerald Buddha","A beautiful place with a rich history."
"Notre Dame Cathedral","A beautiful place with a rich history."
"St. Mary's Cathedral","A beautiful place with a rich history."
"St. Paul's Cathedral","A beautiful place with a rich history."
"The Church of the Holy Sepulchre","A beautiful place with a rich history."
"St. Basil's Cathedral","A beautiful place with a rich history."
"Holy Trinity Cathedral","A beautiful place with a rich history."
"Hassan II Mosque","A beautiful place with a rich history."
"Al-Omari Mosque","A beautiful place with a rich history."
"Sultan Ahmed Mosque","A beautiful place with a rich history."
"Shah Jahan Mosque","A beautiful place with a rich history."
"Al-Masjid an-Nabawi","A beautiful place with a rich history."
"Al-Masjid al-Haram","A beautiful place with a rich history."
"Gurdwara Sahib Dasmesh Darbar","A beautiful place with a rich history."
"Gurdwara Sahib Manikaran","A beautiful place with a rich history."
"Gurdwara Anandpur Sahib","A beautiful place with a rich history."
"Gurdwara Janam Asthan","A beautiful place with a rich history."
"Golden Temple","A beautiful place with a rich history."
"Ram Mandir","A beautiful place with a rich history."
"Rangnath Swamy Temple","A beautiful place with a rich history."
"Kali Ghat","A beautiful place with a rich history."
"Shakeshwari Temple","A beautiful place with a rich history."
"Siddhivinayak Temple","A beautiful place with a rich history."
"Dakshayani Devi Temple","A beautiful place with a rich history."
"Hinglaj Mata Temple","A beautiful place with a rich history."
"Naina Devi","A beautiful place with a rich history."
"Badrinath","A beautiful place with a rich history."
"Kedarnath","A beautiful place with a rich history."
"Amarnath","A beautiful place with a rich history."
"Tripura Sundri Temple","A beautiful place with a rich history."
"Banke Bihari","A beautiful place with a rich history."
"Vaishno Devi","A beautiful place with a rich history."
"Kamakya","A beautiful place with a rich history."
"Kali Pith","A beautiful place with a rich history."
"Kashi Vishvanaath","A beautiful place with a rich history."
"The Sanatorium Fire Temple","A must-visit for spiritual seekers."
"Yazd Fire Temple","A must-visit for spiritual seekers."
"Zoroastrian Centre of Canada","A must-visit for spiritual seekers."
"Fire Temple of Udwada","A must-visit for spiritual seekers."
"Agiary Mumbai","A must-visit for spiritual seekers."
"Dilwara Temple","A must-visit for spiritual seekers."
"Jain Temple, Melbourne","A must-visit for spiritual seekers."
"Kirti Garbha Temple","A must-visit for spiritual seekers."
"Jain Temple, Kulpakji","A must-visit for spiritual seekers."
"Jain Temple, Khajuraho","A must-visit for spiritual seekers."
"Jain Temple, Ranakpur","A must-visit for spiritual seekers."
"Uluwatu Temple","A must-visit for spiritual seekers."
"Maha Bodhi Temple","A must-visit for spiritual seekers."
"Boudha Nath Stupa","A must-visit for spiritual seekers."
"Angkor Wat","A must-visit for spiritual seekers."
"The Temple of Emerald Buddha","A must-visit for spiritual seekers."
"Notre Dame Cathedral","A must-visit for spiritual seekers."
"St. Mary's Cathedral","A must-visit for spiritual seekers."
"St. Paul's Cathedral","A must-visit for spiritual seekers."
"The Church of the Holy Sepulchre","A must-visit for spiritual seekers."
"St. Basil's Cathedral","A must-visit for spiritual seekers."
"Holy Trinity Cathedral","A must-visit for spiritual seekers."
"Hassan II Mosque","A must-visit for spiritual seekers."
"Al-Omari Mosque","A must-visit for spiritual seekers."
"Sultan Ahmed Mosque","A must-visit for spiritual seekers."
"Shah Jahan Mosque","A must-visit for spiritual seekers."
"Al-Masjid an-Nabawi","A must-visit for spiritual seekers."
"Al-Masjid al-Haram","A must-visit for spiritual seekers."
"Gurdwara Sahib Dasmesh Darbar","A must-visit for spiritual seekers."
"Gurdwara Sahib Manikaran","A must-visit for spiritual seekers."
"Gurdwara Anandpur Sahib","A must-visit for spiritual seekers."
"Gurdwara Janam Asthan","A must-visit for spiritual seekers."
"Golden Temple","A must-visit for spiritual seekers."
"Ram Mandir","A must-visit for spiritual seekers."
"Rangnath Swamy Temple","A must-visit for spiritual seekers."
"Kali Ghat","A must-visit for spiritual seekers."
"Shakeshwari Temple","A must-visit for spiritual seekers."
"Siddhivinayak Temple","A must-visit for spiritual seekers."
"Dakshayani Devi Temple","A must-visit for spiritual seekers."
"Hinglaj Mata Temple","A must-visit for spiritual seekers."
"Naina Devi","A must-visit for spiritual seekers."
"Badrinath","A must-visit for spiritual seekers."
"Kedarnath","A must-visit for spiritual seekers."
"Amarnath","A must-visit for spiritual seekers."
"Tripura Sundri Temple","A must-visit for spiritual seekers."
"Banke Bihari","A must-visit for spiritual seekers."
"Vaishno Devi","A must-visit for spiritual seekers."
"Kamakya","A must-visit for spiritual seekers."
"Kali Pith","A must-visit for spiritual seekers."
"Kashi Vishvanaath","A must-visit for spiritual seekers."
"The Sanatorium Fire Temple","Absolutely breathtaking!"
"Yazd Fire Temple","Absolutely breathtaking!"
"Zoroastrian Centre of Canada","Absolutely breathtaking!"
"Fire Temple of Udwada","Absolutely breathtaking!"
"Agiary Mumbai","Absolutely breathtaking!"
"Dilwara Temple","Absolutely breathtaking!"
"Jain Temple, Melbourne","Absolutely breathtaking!"
"Kirti Garbha Temple","Absolutely breathtaking!"
"Jain Temple, Kulpakji","Absolutely breathtaking!"
"Jain Temple, Khajuraho","Absolutely breathtaking!"
"Jain Temple, Ranakpur","Absolutely breathtaking!"
"Uluwatu Temple","Absolutely breathtaking!"
"Maha Bodhi Temple","Absolutely breathtaking!"
"Boudha Nath Stupa","Absolutely breathtaking!"
"Angkor Wat","Absolutely breathtaking!"
"The Temple of Emerald Buddha","Absolutely breathtaking!"
"Notre Dame Cathedral","Absolutely breathtaking!"
"St. Mary's Cathedral","Absolutely breathtaking!"
"St. Paul's Cathedral","Absolutely breathtaking!"
"The Church of the Holy Sepulchre","Absolutely breathtaking!"
"St. Basil's Cathedral","Absolutely breathtaking!"
"Holy Trinity Cathedral","Absolutely breathtaking!"
"Hassan II Mosque","Absolutely breathtaking!"
"Al-Omari Mosque","Absolutely breathtaking!"
"Sultan Ahmed Mosque","Absolutely breathtaking!"
"Shah Jahan Mosque","Absolutely breathtaking!"
"Al-Masjid an-Nabawi","Absolutely breathtaking!"
"Al-Masjid al-Haram","Absolutely breathtaking!"
"Gurdwara Sahib Dasmesh Darbar","Absolutely breathtaking!"
"Gurdwara Sahib Manikaran","Absolutely breathtaking!"
"Gurdwara Anandpur Sahib","Absolutely breathtaking!"
"Gurdwara Janam Asthan","Absolutely breathtaking!"
"Golden Temple","Absolutely breathtaking!"
"Ram Mandir","Absolutely breathtaking!"
"Rangnath Swamy Temple","Absolutely breathtaking!"
"Kali Ghat","Absolutely breathtaking!"
"Shakeshwari Temple","Absolutely breathtaking!"
"Siddhivinayak Temple","Absolutely breathtaking!"
"Dakshayani Devi Temple","Absolutely breathtaking!"
"Hinglaj Mata Temple","Absolutely breathtaking!"
"Naina Devi","Absolutely breathtaking!"
"Badrinath","Absolutely breathtaking!"
"Kedarnath","Absolutely breathtaking!"
"Amarnath","Absolutely breathtaking!"
"Tripura Sundri Temple","Absolutely breathtaking!"
"Banke Bihari","Absolutely breathtaking!"
"Vaishno Devi","Absolutely breathtaking!"
"Kamakya","Absolutely breathtaking!"
"Kali Pith","Absolutely breathtaking!"
"Kashi Vishvanaath","Absolutely breathtaking!"
"The Sanatorium Fire Temple","A spiritual journey like no other."
"Yazd Fire Temple","A spiritual journey like no other."
"Zoroastrian Centre of Canada","A spiritual journey like no other."
"Fire Temple of Udwada","A spiritual journey like no other."
"Agiary Mumbai","A spiritual journey like no other."
"Dilwara Temple","A spiritual journey like no other."
"Jain Temple, Melbourne","A spiritual journey like no other."
"Kirti Garbha Temple","A spiritual journey like no other."
"Jain Temple, Kulpakji","A spiritual journey like no other."
"Jain Temple, Khajuraho","A spiritual journey like no other."
"Jain Temple, Ranakpur","A spiritual journey like no other."
"Uluwatu Temple","A spiritual journey like no other."
"Maha Bodhi Temple","A spiritual journey like no other."
"Boudha Nath Stupa","A spiritual journey like no other."
"Angkor Wat","A spiritual journey like no other."
"The Temple of Emerald Buddha","A spiritual journey like no other."
"Notre Dame Cathedral","A spiritual journey like no other."
"St. Mary's Cathedral","A spiritual journey like no other."
"St. Paul's Cathedral","A spiritual journey like no other."
"The Church of the Holy Sepulchre","A spiritual journey like no other."
"St. Basil's Cathedral","A spiritual journey like no other."
"Holy Trinity Cathedral","A spiritual journey like no other."
"Hassan II Mosque","A spiritual journey like no other."
"Al-Omari Mosque","A spiritual journey like no other."
"Sultan Ahmed Mosque","A spiritual journey like no other."
"Shah Jahan Mosque","A spiritual journey like no other."
"Al-Masjid an-Nabawi","A spiritual journey like no other."
"Al-Masjid al-Haram","A spiritual journey like no other."
"Gurdwara Sahib Dasmesh Darbar","A spiritual journey like no other."
"Gurdwara Sahib Manikaran","A spiritual journey like no other."
"Gurdwara Anandpur Sahib","A spiritual journey like no other."
"Gurdwara Janam Asthan","A spiritual journey like no other."
"Golden Temple","A spiritual journey like no other."
"Ram Mandir","A spiritual journey like no other."
"Rangnath Swamy Temple","A spiritual journey like no other."
"Kali Ghat","A spiritual journey like no other."
"Shakeshwari Temple","A spiritual journey like no other."
"Siddhivinayak Temple","A spiritual journey like no other."
"Dakshayani Devi Temple","A spiritual journey like no other."
"Hinglaj Mata Temple","A spiritual journey like no other."
"Naina Devi","A spiritual journey like no other."
"Badrinath","A spiritual journey like no other."
"Kedarnath","A spiritual journey like no other."
"Amarnath","A spiritual journey like no other."
"Tripura Sundri Temple","A spiritual journey like no other."
"Banke Bihari","A spiritual journey like no other."
"Vaishno Devi","A spiritual journey like no other."
"Kamakya","A spiritual journey like no other."
"Kali Pith","A spiritual journey like no other."
"Kashi Vishvanaath","A spiritual journey like no other."
"The Sanatorium Fire Temple","The scenery is stunning."
"Yazd Fire Temple","The scenery is stunning."
"Zoroastrian Centre of Canada","The scenery is stunning."
"Fire Temple of Udwada","The scenery is stunning."
"Agiary Mumbai","The scenery is stunning."
"Dilwara Temple","The scenery is stunning."
"Jain Temple, Melbourne","The scenery is stunning."
"Kirti Garbha Temple","The scenery is stunning."
"Jain Temple, Kulpakji","The scenery is stunning."
"Jain Temple, Khajuraho","The scenery is stunning."
"Jain Temple, Ranakpur","The scenery is stunning."
"Uluwatu Temple","The scenery is stunning."
"Maha Bodhi Temple","The scenery is stunning."
"Boudha Nath Stupa","The scenery is stunning."
"Angkor Wat","The scenery is stunning."
"The Temple of Emerald Buddha","The scenery is stunning."
"Notre Dame Cathedral","The scenery is stunning."
"St. Mary's Cathedral","The scenery is stunning."
"St. Paul's Cathedral","The scenery is stunning."
"The Church of the Holy Sepulchre","The scenery is stunning."
"St. Basil's Cathedral","The scenery is stunning."
"Holy Trinity Cathedral","The scenery is stunning."
"Hassan II Mosque","The scenery is stunning."
"Al-Omari Mosque","The scenery is stunning."
"Sultan Ahmed Mosque","The scenery is stunning."
"Shah Jahan Mosque","The scenery is stunning."
"Al-Masjid an-Nabawi","The scenery is stunning."
"Al-Masjid al-Haram","The scenery is stunning."
"Gurdwara Sahib Dasmesh Darbar","The scenery is stunning."
"Gurdwara Sahib Manikaran","The scenery is stunning."
"Gurdwara Anandpur Sahib","The scenery is stunning."
"Gurdwara Janam Asthan","The scenery is stunning."
"Golden Temple","The scenery is stunning."
"Ram Mandir","The scenery is stunning."
"Rangnath Swamy Temple","The scenery is stunning."
"Kali Ghat","The scenery is stunning."
"Shakeshwari Temple","The scenery is stunning."
"Siddhivinayak Temple","The scenery is stunning."
"Dakshayani Devi Temple","The scenery is stunning."
"Hinglaj Mata Temple","The scenery is stunning."
"Naina Devi","The scenery is stunning."
"Badrinath","The scenery is stunning."
"Kedarnath","The scenery is stunning."
"Amarnath","The scenery is stunning."
"Tripura Sundri Temple","The scenery is stunning."
"Banke Bihari","The scenery is stunning."
"Vaishno Devi","The scenery is stunning."
"Kamakya","The scenery is stunning."
"Kali Pith","The scenery is stunning."
"Kashi Vishvanaath","The scenery is stunning."
"The Sanatorium Fire Temple","A historic and sacred site."
"Yazd Fire Temple","A historic and sacred site."
"Zoroastrian Centre of Canada","A historic and sacred site."
"Fire Temple of Udwada","A historic and sacred site."
"Agiary Mumbai","A historic and sacred site."
"Dilwara Temple","A historic and sacred site."
"Jain Temple, Melbourne","A historic and sacred site."
"Kirti Garbha Temple","A historic and sacred site."
"Jain Temple, Kulpakji","A historic and sacred site."
"Jain Temple, Khajuraho","A historic and sacred site."
"Jain Temple, Ranakpur","A historic and sacred site."
"Uluwatu Temple","A historic and sacred site."
"Maha Bodhi Temple","A historic and sacred site."
"Boudha Nath Stupa","A historic and sacred site."
"Angkor Wat","A historic and sacred site."
"The Temple of Emerald Buddha","A historic and sacred site."
"Notre Dame Cathedral","A historic and sacred site."
"St. Mary's Cathedral","A historic and sacred site."
"St. Paul's Cathedral","A historic and sacred site."
"The Church of the Holy Sepulchre","A historic and sacred site."
"St. Basil's Cathedral","A historic and sacred site."
"Holy Trinity Cathedral","A historic and sacred site."
"Hassan II Mosque","A historic and sacred site."
"Al-Omari Mosque","A historic and sacred site."
"Sultan Ahmed Mosque","A historic and sacred site."
"Shah Jahan Mosque","A historic and sacred site."
"Al-Masjid an-Nabawi","A historic and sacred site."
"Al-Masjid al-Haram","A historic and sacred site."
"Gurdwara Sahib Dasmesh Darbar","A historic and sacred site."
"Gurdwara Sahib Manikaran","A historic and sacred site."
"Gurdwara Anandpur Sahib","A historic and sacred site."
"Gurdwara Janam Asthan","A historic and sacred site."
"Golden Temple","A historic and sacred site."
"Ram Mandir","A historic and sacred site."
"Rangnath Swamy Temple","A historic and sacred site."
"Kali Ghat","A historic and sacred site."
"Shakeshwari Temple","A historic and sacred site."
"Siddhivinayak Temple","A historic and sacred site."
"Dakshayani Devi Temple","A historic and sacred site."
"Hinglaj Mata Temple","A historic and sacred site."
"Naina Devi","A historic and sacred site."
"Badrinath","A historic and sacred site."
"Kedarnath","A historic and sacred site."
"Amarnath","A historic and sacred site."
"Tripura Sundri Temple","A historic and sacred site."
"Banke Bihari","A historic and sacred site."
"Vaishno Devi","A historic and sacred site."
"Kamakya","A historic and sacred site."
"Kali Pith","A historic and sacred site."
"Kashi Vishvanaath","A historic and sacred site."
"The Sanatorium Fire Temple","An important pilgrimage site."
"Yazd Fire Temple","An important pilgrimage site."
"Zoroastrian Centre of Canada","An important pilgrimage site."
"Fire Temple of Udwada","An important pilgrimage site."
"Agiary Mumbai","An important pilgrimage site."
"Dilwara Temple","An important pilgrimage site."
"Jain Temple, Melbourne","An important pilgrimage site."
"Kirti Garbha Temple","An important pilgrimage site."
"Jain Temple, Kulpakji","An important pilgrimage site."
"Jain Temple, Khajuraho","An important pilgrimage site."
"Jain Temple, Ranakpur","An important pilgrimage site."
"Uluwatu Temple","An important pilgrimage site."
"Maha Bodhi Temple","An important pilgrimage site."
"Boudha Nath Stupa","An important pilgrimage site."
"Angkor Wat","An important pilgrimage site."
"The Temple of Emerald Buddha","An important pilgrimage site."
"Notre Dame Cathedral","An important pilgrimage site."
"St. Mary's Cathedral","An important pilgrimage site."
"St. Paul's Cathedral","An important pilgrimage site."
"The Church of the Holy Sepulchre","An important pilgrimage site."
"St. Basil's Cathedral","An important pilgrimage site."
"Holy Trinity Cathedral","An important pilgrimage site."
"Hassan II Mosque","An important pilgrimage site."
"Al-Omari Mosque","An important pilgrimage site."
"Sultan Ahmed Mosque","An important pilgrimage site."
"Shah Jahan Mosque","An important pilgrimage site."
"Al-Masjid an-Nabawi","An important pilgrimage site."
"Al-Masjid al-Haram","An important pilgrimage site."
"Gurdwara Sahib Dasmesh Darbar","An important pilgrimage site."
"Gurdwara Sahib Manikaran","An important pilgrimage site."
"Gurdwara Anandpur Sahib","An important pilgrimage site."
"Gurdwara Janam Asthan","An important pilgrimage site."
"Golden Temple","An important pilgrimage site."
"Ram Mandir","An important pilgrimage site."
"Rangnath Swamy Temple","An important pilgrimage site."
"Kali Ghat","An important pilgrimage site."
"Shakeshwari Temple","An important pilgrimage site."
"Siddhivinayak Temple","An important pilgrimage site."
"Dakshayani Devi Temple","An important pilgrimage site."
"Hinglaj Mata Temple","An important pilgrimage site."
"Naina Devi","An important pilgrimage site."
"Badrinath","An important pilgrimage site."
"Kedarnath","An important pilgrimage site."
"Amarnath","An important pilgrimage site."
"Tripura Sundri Temple","An important pilgrimage site."
"Banke Bihari","An important pilgrimage site."
"Vaishno Devi","An important pilgrimage site."
"Kamakya","An important pilgrimage site."
"Kali Pith","An important pilgrimage site."
"Kashi Vishvanaath","An important pilgrimage site."
"The Sanatorium Fire Temple","Divine blessings everywhere."
"Yazd Fire Temple","Divine blessings everywhere."
"Zoroastrian Centre of Canada","Divine blessings everywhere."
"Fire Temple of Udwada","Divine blessings everywhere."
"Agiary Mumbai","Divine blessings everywhere."
"Dilwara Temple","Divine blessings everywhere."
"Jain Temple, Melbourne","Divine blessings everywhere."
"Kirti Garbha Temple","Divine blessings everywhere."
"Jain Temple, Kulpakji","Divine blessings everywhere."
"Jain Temple, Khajuraho","Divine blessings everywhere."
"Jain Temple, Ranakpur","Divine blessings everywhere."
"Uluwatu Temple","Divine blessings everywhere."
"Maha Bodhi Temple","Divine blessings everywhere."
"Boudha Nath Stupa","Divine blessings everywhere."
"Angkor Wat","Divine blessings everywhere."
"The Temple of Emerald Buddha","Divine blessings everywhere."
"Notre Dame Cathedral","Divine blessings everywhere."
"St. Mary's Cathedral","Divine blessings everywhere."
"St. Paul's Cathedral","Divine blessings everywhere."
"The Church of the Holy Sepulchre","Divine blessings everywhere."
"St. Basil's Cathedral","Divine blessings everywhere."
"Holy Trinity Cathedral","Divine blessings everywhere."
"Hassan II Mosque","Divine blessings everywhere."
"Al-Omari Mosque","Divine blessings everywhere."
"Sultan Ahmed Mosque","Divine blessings everywhere."
"Shah Jahan Mosque","Divine blessings everywhere."
"Al-Masjid an-Nabawi","Divine blessings everywhere."
"Al-Masjid al-Haram","Divine blessings everywhere."
"Gurdwara Sahib Dasmesh Darbar","Divine blessings everywhere."
"Gurdwara Sahib Manikaran","Divine blessings everywhere."
"Gurdwara Anandpur Sahib","Divine blessings everywhere."
"Gurdwara Janam Asthan","Divine blessings everywhere."
"Golden Temple","Divine blessings everywhere."
"Ram Mandir","Divine blessings everywhere."
"Rangnath Swamy Temple","Divine blessings everywhere."
"Kali Ghat","Divine blessings everywhere."
"Shakeshwari Temple","Divine blessings everywhere."
"Siddhivinayak Temple","Divine blessings everywhere."
"Dakshayani Devi Temple","Divine blessings everywhere."
"Hinglaj Mata Temple","Divine blessings everywhere."
"Naina Devi","Divine blessings everywhere."
"Badrinath","Divine blessings everywhere."
"Kedarnath","Divine blessings everywhere."
"Amarnath","Divine blessings everywhere."
"Tripura Sundri Temple","Divine blessings everywhere."
"Banke Bihari","Divine blessings everywhere."
"Vaishno Devi","Divine blessings everywhere."
"Kamakya","Divine blessings everywhere."
"Kali Pith","Divine blessings everywhere."
"Kashi Vishvanaath","Divine blessings everywhere."
"The Sanatorium Fire Temple","A wonderful spiritual experience."
"Yazd Fire Temple","A wonderful spiritual experience."
"Zoroastrian Centre of Canada","A wonderful spiritual experience."
"Fire Temple of Udwada","A wonderful spiritual experience."
"Agiary Mumbai","A wonderful spiritual experience."
"Dilwara Temple","A wonderful spiritual experience."
"Jain Temple, Melbourne","A wonderful spiritual experience."
"Kirti Garbha Temple","A wonderful spiritual experience."
"Jain Temple, Kulpakji","A wonderful spiritual experience."
"Jain Temple, Khajuraho","A wonderful spiritual experience."
"Jain Temple, Ranakpur","A wonderful spiritual experience."
"Uluwatu Temple","A wonderful spiritual experience."
"Maha Bodhi Temple","A wonderful spiritual experience."
"Boudha Nath Stupa","A wonderful spiritual experience."
"Angkor Wat","A wonderful spiritual experience."
"The Temple of Emerald Buddha","A wonderful spiritual experience."
"Notre Dame Cathedral","A wonderful spiritual experience."
"St. Mary's Cathedral","A wonderful spiritual experience."
"St. Paul's Cathedral","A wonderful spiritual experience."
"The Church of the Holy Sepulchre","A wonderful spiritual experience."
"St. Basil's Cathedral","A wonderful spiritual experience."
"Holy Trinity Cathedral","A wonderful spiritual experience."
"Hassan II Mosque","A wonderful spiritual experience."
"Al-Omari Mosque","A wonderful spiritual experience."
"Sultan Ahmed Mosque","A wonderful spiritual experience."
"Shah Jahan Mosque","A wonderful spiritual experience."
"Al-Masjid an-Nabawi","A wonderful spiritual experience."
"Al-Masjid al-Haram","A wonderful spiritual experience."
"Gurdwara Sahib Dasmesh Darbar","A wonderful spiritual experience."
"Gurdwara Sahib Manikaran","A wonderful spiritual experience."
"Gurdwara Anandpur Sahib","A wonderful spiritual experience."
"Gurdwara Janam Asthan","A wonderful spiritual experience."
"Golden Temple","A wonderful spiritual experience."
"Ram Mandir","A wonderful spiritual experience."
"Rangnath Swamy Temple","A wonderful spiritual experience."
"Kali Ghat","A wonderful spiritual experience."
"Shakeshwari Temple","A wonderful spiritual experience."
"Siddhivinayak Temple","A wonderful spiritual experience."
"Dakshayani Devi Temple","A wonderful spiritual experience."
"Hinglaj Mata Temple","A wonderful spiritual experience."
"Naina Devi","A wonderful spiritual experience."
"Badrinath","A wonderful spiritual experience."
"Kedarnath","A wonderful spiritual experience."
"Amarnath","A wonderful spiritual experience."
"Tripura Sundri Temple","A wonderful spiritual experience."
"Banke Bihari","A wonderful spiritual experience."
"Vaishno Devi","A wonderful spiritual experience."
"Kamakya","A wonderful spiritual experience."
"Kali Pith","A wonderful spiritual experience."
"Kashi Vishvanaath","A wonderful spiritual experience."
"The Sanatorium Fire Temple","Rich in culture and tradition."
"Yazd Fire Temple","Rich in culture and tradition."
"Zoroastrian Centre of Canada","Rich in culture and tradition."
"Fire Temple of Udwada","Rich in culture and tradition."
"Agiary Mumbai","Rich in culture and tradition."
"Dilwara Temple","Rich in culture and tradition."
"Jain Temple, Melbourne","Rich in culture and tradition."
"Kirti Garbha Temple","Rich in culture and tradition."
"Jain Temple, Kulpakji","Rich in culture and tradition."
"Jain Temple, Khajuraho","Rich in culture and tradition."
"Jain Temple, Ranakpur","Rich in culture and tradition."
"Uluwatu Temple","Rich in culture and tradition."
"Maha Bodhi Temple","Rich in culture and tradition."
"Boudha Nath Stupa","Rich in culture and tradition."
"Angkor Wat","Rich in culture and tradition."
"The Temple of Emerald Buddha","Rich in culture and tradition."
"Notre Dame Cathedral","Rich in culture and tradition."
"St. Mary's Cathedral","Rich in culture and tradition."
"St. Paul's Cathedral","Rich in culture and tradition."
"The Church of the Holy Sepulchre","Rich in culture and tradition."
"St. Basil's Cathedral","Rich in culture and tradition."
"Holy Trinity Cathedral","Rich in culture and tradition."
"Hassan II Mosque","Rich in culture and tradition."
"Al-Omari Mosque","Rich in culture and tradition."
"Sultan Ahmed Mosque","Rich in culture and tradition."
"Shah Jahan Mosque","Rich in culture and tradition."
"Al-Masjid an-Nabawi","Rich in culture and tradition."
"Al-Masjid al-Haram","Rich in culture and tradition."
"Gurdwara Sahib Dasmesh Darbar","Rich in culture and tradition."
"Gurdwara Sahib Manikaran","Rich in culture and tradition."
"Gurdwara Anandpur Sahib","Rich in culture and tradition."
"Gurdwara Janam Asthan","Rich in culture and tradition."
"Golden Temple","Rich in culture and tradition."
"Ram Mandir","Rich in culture and tradition."
"Rangnath Swamy Temple","Rich in culture and tradition."
"Kali Ghat","Rich in culture and tradition."
"Shakeshwari Temple","Rich in culture and tradition."
"Siddhivinayak Temple","Rich in culture and tradition."
"Dakshayani Devi Temple","Rich in culture and tradition."
"Hinglaj Mata Temple","Rich in culture and tradition."
"Naina Devi","Rich in culture and tradition."
"Badrinath","Rich in culture and tradition."
"Kedarnath","Rich in culture and tradition."
"Amarnath","Rich in culture and tradition."
"Tripura Sundri Temple","Rich in culture and tradition."
"Banke Bihari","Rich in culture and tradition."
"Vaishno Devi","Rich in culture and tradition."
"Kamakya","Rich in culture and tradition."
"Kali Pith","Rich in culture and tradition."
"Kashi Vishvanaath","Rich in culture and tradition."
"The Sanatorium Fire Temple","A must-see for everyone."
"Yazd Fire Temple","A must-see for everyone."
"Zoroastrian Centre of Canada","A must-see for everyone."
"Fire Temple of Udwada","A must-see for everyone."
"Agiary Mumbai","A must-see for everyone."
"Dilwara Temple","A must-see for everyone."
"Jain Temple, Melbourne","A must-see for everyone."
"Kirti Garbha Temple","A must-see for everyone."
"Jain Temple, Kulpakji","A must-see for everyone."
"Jain Temple, Khajuraho","A must-see for everyone."
"Jain Temple, Ranakpur","A must-see for everyone."
"Uluwatu Temple","A must-see for everyone."
"Maha Bodhi Temple","A must-see for everyone."
"Boudha Nath Stupa","A must-see for everyone."
"Angkor Wat","A must-see for everyone."
"The Temple of Emerald Buddha","A must-see for everyone."
"Notre Dame Cathedral","A must-see for everyone."
"St. Mary's Cathedral","A must-see for everyone."
"St. Paul's Cathedral","A must-see for everyone."
"The Church of the Holy Sepulchre","A must-see for everyone."
"St. Basil's Cathedral","A must-see for everyone."
"Holy Trinity Cathedral","A must-see for everyone."
"Hassan II Mosque","A must-see for everyone."
"Al-Omari Mosque","A must-see for everyone."
"Sultan Ahmed Mosque","A must-see for everyone."
"Shah Jahan Mosque","A must-see for everyone."
"Al-Masjid an-Nabawi","A must-see for everyone."
"Al-Masjid al-Haram","A must-see for everyone."
"Gurdwara Sahib Dasmesh Darbar","A must-see for everyone."
"Gurdwara Sahib Manikaran","A must-see for everyone."
"Gurdwara Anandpur Sahib","A must-see for everyone."
"Gurdwara Janam Asthan","A must-see for everyone."
"Golden Temple","A must-see for everyone."
"Ram Mandir","A must-see for everyone."
"Rangnath Swamy Temple","A must-see for everyone."
"Kali Ghat","A must-see for everyone."
"Shakeshwari Temple","A must-see for everyone."
"Siddhivinayak Temple","A must-see for everyone."
"Dakshayani Devi Temple","A must-see for everyone."
"Hinglaj Mata Temple","A must-see for everyone."
"Naina Devi","A must-see for everyone."
"Badrinath","A must-see for everyone."
"Kedarnath","A must-see for everyone."
"Amarnath","A must-see for everyone."
"Tripura Sundri Temple","A must-see for everyone."
"Banke Bihari","A must-see for everyone."
"Vaishno Devi","A must-see for everyone."
"Kamakya","A must-see for everyone."
"Kali Pith","A must-see for everyone."
"Kashi Vishvanaath","A must-see for everyone."
"The Sanatorium Fire Temple","A historic and beautiful Gurdwara."
"Yazd Fire Temple","A historic and beautiful Gurdwara."
"Zoroastrian Centre of Canada","A historic and beautiful Gurdwara."
"Fire Temple of Udwada","A historic and beautiful Gurdwara."
"Agiary Mumbai","A historic and beautiful Gurdwara."
"Dilwara Temple","A historic and beautiful Gurdwara."
"Jain Temple, Melbourne","A historic and beautiful Gurdwara."
"Kirti Garbha Temple","A historic and beautiful Gurdwara."
"Jain Temple, Kulpakji","A historic and beautiful Gurdwara."
"Jain Temple, Khajuraho","A historic and beautiful Gurdwara."
"Jain Temple, Ranakpur","A historic and beautiful Gurdwara."
"Uluwatu Temple","A historic and beautiful Gurdwara."
"Maha Bodhi Temple","A historic and beautiful Gurdwara."
"Boudha Nath Stupa","A historic and beautiful Gurdwara."
"Angkor Wat","A historic and beautiful Gurdwara."
"The Temple of Emerald Buddha","A historic and beautiful Gurdwara."
"Notre Dame Cathedral","A historic and beautiful Gurdwara."
"St. Mary's Cathedral","A historic and beautiful Gurdwara."
"St. Paul's Cathedral","A historic and beautiful Gurdwara."
"The Church of the Holy Sepulchre","A historic and beautiful Gurdwara."
"St. Basil's Cathedral","A historic and beautiful Gurdwara."
"Holy Trinity Cathedral","A historic and beautiful Gurdwara."
"Hassan II Mosque","A historic and beautiful Gurdwara."
"Al-Omari Mosque","A historic and beautiful Gurdwara."
"Sultan Ahmed Mosque","A historic and beautiful Gurdwara."
"Shah Jahan Mosque","A historic and beautiful Gurdwara."
"Al-Masjid an-Nabawi","A historic and beautiful Gurdwara."
"Al-Masjid al-Haram","A historic and beautiful Gurdwara."
"Gurdwara Sahib Dasmesh Darbar","A historic and beautiful Gurdwara."
"Gurdwara Sahib Manikaran","A historic and beautiful Gurdwara."
"Gurdwara Anandpur Sahib","A historic and beautiful Gurdwara."
"Gurdwara Janam Asthan","A historic and beautiful Gurdwara."
"Golden Temple","A historic and beautiful Gurdwara."
"Ram Mandir","A historic and beautiful Gurdwara."
"Rangnath Swamy Temple","A historic and beautiful Gurdwara."
"Kali Ghat","A historic and beautiful Gurdwara."
"Shakeshwari Temple","A historic and beautiful Gurdwara."
"Siddhivinayak Temple","A historic and beautiful Gurdwara."
"Dakshayani Devi Temple","A historic and beautiful Gurdwara."
"Hinglaj Mata Temple","A historic and beautiful Gurdwara."
"Naina Devi","A historic and beautiful Gurdwara."
"Badrinath","A historic and beautiful Gurdwara."
"Kedarnath","A historic and beautiful Gurdwara."
"Amarnath","A historic and beautiful Gurdwara."
"Tripura Sundri Temple","A historic and beautiful Gurdwara."
"Banke Bihari","A historic and beautiful Gurdwara."
"Vaishno Devi","A historic and beautiful Gurdwara."
"Kamakya","A historic and beautiful Gurdwara."
"Kali Pith","A historic and beautiful Gurdwara."
"Kashi Vishvanaath","A historic and beautiful Gurdwara."
"The Sanatorium Fire Temple","A significant place for Sikhs."
"Yazd Fire Temple","A significant place for Sikhs."
"Zoroastrian Centre of Canada","A significant place for Sikhs."
"Fire Temple of Udwada","A significant place for Sikhs."
"Agiary Mumbai","A significant place for Sikhs."
"Dilwara Temple","A significant place for Sikhs."
"Jain Temple, Melbourne","A significant place for Sikhs."
"Kirti Garbha Temple","A significant place for Sikhs."
"Jain Temple, Kulpakji","A significant place for Sikhs."
"Jain Temple, Khajuraho","A significant place for Sikhs."
"Jain Temple, Ranakpur","A significant place for Sikhs."
"Uluwatu Temple","A significant place for Sikhs."
"Maha Bodhi Temple","A significant place for Sikhs."
"Boudha Nath Stupa","A significant place for Sikhs."
"Angkor Wat","A significant place for Sikhs."
"The Temple of Emerald Buddha","A significant place for Sikhs."
"Notre Dame Cathedral","A significant place for Sikhs."
"St. Mary's Cathedral","A significant place for Sikhs."
"St. Paul's Cathedral","A significant place for Sikhs."
"The Church of the Holy Sepulchre","A significant place for Sikhs."
"St. Basil's Cathedral","A significant place for Sikhs."
"Holy Trinity Cathedral","A significant place for Sikhs."
"Hassan II Mosque","A significant place for Sikhs."
"Al-Omari Mosque","A significant place for Sikhs."
"Sultan Ahmed Mosque","A significant place for Sikhs."
"Shah Jahan Mosque","A significant place for Sikhs."
"Al-Masjid an-Nabawi","A significant place for Sikhs."
"Al-Masjid al-Haram","A significant place for Sikhs."
"Gurdwara Sahib Dasmesh Darbar","A significant place for Sikhs."
"Gurdwara Sahib Manikaran","A significant place for Sikhs."
"Gurdwara Anandpur Sahib","A significant place for Sikhs."
"Gurdwara Janam Asthan","A significant place for Sikhs."
"Golden Temple","A significant place for Sikhs."
"Ram Mandir","A significant place for Sikhs."
"Rangnath Swamy Temple","A significant place for Sikhs."
"Kali Ghat","A significant place for Sikhs."
"Shakeshwari Temple","A significant place for Sikhs."
"Siddhivinayak Temple","A significant place for Sikhs."
"Dakshayani Devi Temple","A significant place for Sikhs."
"Hinglaj Mata Temple","A significant place for Sikhs."
"Naina Devi","A significant place for Sikhs."
"Badrinath","A significant place for Sikhs."
"Kedarnath","A significant place for Sikhs."
"Amarnath","A significant place for Sikhs."
"Tripura Sundri Temple","A significant place for Sikhs."
"Banke Bihari","A significant place for Sikhs."
"Vaishno Devi","A significant place for Sikhs."
"Kamakya","A significant place for Sikhs."
"Kali Pith","A significant place for Sikhs."
"Kashi Vishvanaath","A significant place for Sikhs."
"The Sanatorium Fire Temple","The atmosphere is overwhelming."
"Yazd Fire Temple","The atmosphere is overwhelming."
"Zoroastrian Centre of Canada","The atmosphere is overwhelming."
"Fire Temple of Udwada","The atmosphere is overwhelming."
"Agiary Mumbai","The atmosphere is overwhelming."
"Dilwara Temple","The atmosphere is overwhelming."
"Jain Temple, Melbourne","The atmosphere is overwhelming."
"Kirti Garbha Temple","The atmosphere is overwhelming."
"Jain Temple, Kulpakji","The atmosphere is overwhelming."
"Jain Temple, Khajuraho","The atmosphere is overwhelming."
"Jain Temple, Ranakpur","The atmosphere is overwhelming."
"Uluwatu Temple","The atmosphere is overwhelming."
"Maha Bodhi Temple","The atmosphere is overwhelming."
"Boudha Nath Stupa","The atmosphere is overwhelming."
"Angkor Wat","The atmosphere is overwhelming."
"The Temple of Emerald Buddha","The atmosphere is overwhelming."
"Notre Dame Cathedral","The atmosphere is overwhelming."
"St. Mary's Cathedral","The atmosphere is overwhelming."
"St. Paul's Cathedral","The atmosphere is overwhelming."
"The Church of the Holy Sepulchre","The atmosphere is overwhelming."
"St. Basil's Cathedral","The atmosphere is overwhelming."
"Holy Trinity Cathedral","The atmosphere is overwhelming."
"Hassan II Mosque","The atmosphere is overwhelming."
"Al-Omari Mosque","The atmosphere is overwhelming."
"Sultan Ahmed Mosque","The atmosphere is overwhelming."
"Shah Jahan Mosque","The atmosphere is overwhelming."
"Al-Masjid an-Nabawi","The atmosphere is overwhelming."
"Al-Masjid al-Haram","The atmosphere is overwhelming."
"Gurdwara Sahib Dasmesh Darbar","The atmosphere is overwhelming."
"Gurdwara Sahib Manikaran","The atmosphere is overwhelming."
"Gurdwara Anandpur Sahib","The atmosphere is overwhelming."
"Gurdwara Janam Asthan","The atmosphere is overwhelming."
"Golden Temple","The atmosphere is overwhelming."
"Ram Mandir","The atmosphere is overwhelming."
"Rangnath Swamy Temple","The atmosphere is overwhelming."
"Kali Ghat","The atmosphere is overwhelming."
"Shakeshwari Temple","The atmosphere is overwhelming."
"Siddhivinayak Temple","The atmosphere is overwhelming."
"Dakshayani Devi Temple","The atmosphere is overwhelming."
"Hinglaj Mata Temple","The atmosphere is overwhelming."
"Naina Devi","The atmosphere is overwhelming."
"Badrinath","The atmosphere is overwhelming."
"Kedarnath","The atmosphere is overwhelming."
"Amarnath","The atmosphere is overwhelming."
"Tripura Sundri Temple","The atmosphere is overwhelming."
"Banke Bihari","The atmosphere is overwhelming."
"Vaishno Devi","The atmosphere is overwhelming."
"Kamakya","The atmosphere is overwhelming."
"Kali Pith","The atmosphere is overwhelming."
"Kashi Vishvanaath","The atmosphere is overwhelming."
"The Sanatorium Fire Temple","A remarkable experience."
"Yazd Fire Temple","A remarkable experience."
"Zoroastrian Centre of Canada","A remarkable experience."
"Fire Temple of Udwada","A remarkable experience."
"Agiary Mumbai","A remarkable experience."
"Dilwara Temple","A remarkable experience."
"Jain Temple, Melbourne","A remarkable experience."
"Kirti Garbha Temple","A remarkable experience."
"Jain Temple, Kulpakji","A remarkable experience."
"Jain Temple, Khajuraho","A remarkable experience."
"Jain Temple, Ranakpur","A remarkable experience."
"Uluwatu Temple","A remarkable experience."
"Maha Bodhi Temple","A remarkable experience."
"Boudha Nath Stupa","A remarkable experience."
"Angkor Wat","A remarkable experience."
"The Temple of Emerald Buddha","A remarkable experience."
"Notre Dame Cathedral","A remarkable experience."
"St. Mary's Cathedral","A remarkable experience."
"St. Paul's Cathedral","A remarkable experience."
"The Church of the Holy Sepulchre","A remarkable experience."
"St. Basil's Cathedral","A remarkable experience."
"Holy Trinity Cathedral","A remarkable experience."
"Hassan II Mosque","A remarkable experience."
"Al-Omari Mosque","A remarkable experience."
"Sultan Ahmed Mosque","A remarkable experience."
"Shah Jahan Mosque","A remarkable experience."
"Al-Masjid an-Nabawi","A remarkable experience."
"Al-Masjid al-Haram","A remarkable experience."
"Gurdwara Sahib Dasmesh Darbar","A remarkable experience."
"Gurdwara Sahib Manikaran","A remarkable experience."
"Gurdwara Anandpur Sahib","A remarkable experience."
"Gurdwara Janam Asthan","A remarkable experience."
"Golden Temple","A remarkable experience."
"Ram Mandir","A remarkable experience."
"Rangnath Swamy Temple","A remarkable experience."
"Kali Ghat","A remarkable experience."
"Shakeshwari Temple","A remarkable experience."
"Siddhivinayak Temple","A remarkable experience."
"Dakshayani Devi Temple","A remarkable experience."
"Hinglaj Mata Temple","A remarkable experience."
"Naina Devi","A remarkable experience."
"Badrinath","A remarkable experience."
"Kedarnath","A remarkable experience."
"Amarnath","A remarkable experience."
"Tripura Sundri Temple","A remarkable experience."
"Banke Bihari","A remarkable experience."
"Vaishno Devi","A remarkable experience."
"Kamakya","A remarkable experience."
"Kali Pith","A remarkable experience."
"Kashi Vishvanaath","A remarkable experience."
"The Sanatorium Fire Temple","A unique architectural beauty."
"Yazd Fire Temple","A unique architectural beauty."
"Zoroastrian Centre of Canada","A unique architectural beauty."
"Fire Temple of Udwada","A unique architectural beauty."
"Agiary Mumbai","A unique architectural beauty."
"Dilwara Temple","A unique architectural beauty."
"Jain Temple, Melbourne","A unique architectural beauty."
"Kirti Garbha Temple","A unique architectural beauty."
"Jain Temple, Kulpakji","A unique architectural beauty."
"Jain Temple, Khajuraho","A unique architectural beauty."
"Jain Temple, Ranakpur","A unique architectural beauty."
"Uluwatu Temple","A unique architectural beauty."
"Maha Bodhi Temple","A unique architectural beauty."
"Boudha Nath Stupa","A unique architectural beauty."
"Angkor Wat","A unique architectural beauty."
"The Temple of Emerald Buddha","A unique architectural beauty."
"Notre Dame Cathedral","A unique architectural beauty."
"St. Mary's Cathedral","A unique architectural beauty."
"St. Paul's Cathedral","A unique architectural beauty."
"The Church of the Holy Sepulchre","A unique architectural beauty."
"St. Basil's Cathedral","A unique architectural beauty."
"Holy Trinity Cathedral","A unique architectural beauty."
"Hassan II Mosque","A unique architectural beauty."
"Al-Omari Mosque","A unique architectural beauty."
"Sultan Ahmed Mosque","A unique architectural beauty."
"Shah Jahan Mosque","A unique architectural beauty."
"Al-Masjid an-Nabawi","A unique architectural beauty."
"Al-Masjid al-Haram","A unique architectural beauty."
"Gurdwara Sahib Dasmesh Darbar","A unique architectural beauty."
"Gurdwara Sahib Manikaran","A unique architectural beauty."
"Gurdwara Anandpur Sahib","A unique architectural beauty."
"Gurdwara Janam Asthan","A unique architectural beauty."
"Golden Temple","A unique architectural beauty."
"Ram Mandir","A unique architectural beauty."
"Rangnath Swamy Temple","A unique architectural beauty."
"Kali Ghat","A unique architectural beauty."
"Shakeshwari Temple","A unique architectural beauty."
"Siddhivinayak Temple","A unique architectural beauty."
"Dakshayani Devi Temple","A unique architectural beauty."
"Hinglaj Mata Temple","A unique architectural beauty."
"Naina Devi","A unique architectural beauty."
"Badrinath","A unique architectural beauty."
"Kedarnath","A unique architectural beauty."
"Amarnath","A unique architectural beauty."
"Tripura Sundri Temple","A unique architectural beauty."
"Banke Bihari","A unique architectural beauty."
"Vaishno Devi","A unique architectural beauty."
"Kamakya","A unique architectural beauty."
"Kali Pith","A unique architectural beauty."
"Kashi Vishvanaath","A unique architectural beauty."
"The Sanatorium Fire Temple","Stunning architecture and history."
"Yazd Fire Temple","Stunning architecture and history."
"Zoroastrian Centre of Canada","Stunning architecture and history."
"Fire Temple of Udwada","Stunning architecture and history."
"Agiary Mumbai","Stunning architecture and history."
"Dilwara Temple","Stunning architecture and history."
"Jain Temple, Melbourne","Stunning architecture and history."
"Kirti Garbha Temple","Stunning architecture and history."
"Jain Temple, Kulpakji","Stunning architecture and history."
"Jain Temple, Khajuraho","Stunning architecture and history."
"Jain Temple, Ranakpur","Stunning architecture and history."
"Uluwatu Temple","Stunning architecture and history."
"Maha Bodhi Temple","Stunning architecture and history."
"Boudha Nath Stupa","Stunning architecture and history."
"Angkor Wat","Stunning architecture and history."
"The Temple of Emerald Buddha","Stunning architecture and history."
"Notre Dame Cathedral","Stunning architecture and history."
"St. Mary's Cathedral","Stunning architecture and history."
"St. Paul's Cathedral","Stunning architecture and history."
"The Church of the Holy Sepulchre","Stunning architecture and history."
"St. Basil's Cathedral","Stunning architecture and history."
"Holy Trinity Cathedral","Stunning architecture and history."
"Hassan II Mosque","Stunning architecture and history."
"Al-Omari Mosque","Stunning architecture and history."
"Sultan Ahmed Mosque","Stunning architecture and history."
"Shah Jahan Mosque","Stunning architecture and history."
"Al-Masjid an-Nabawi","Stunning architecture and history."
"Al-Masjid al-Haram","Stunning architecture and history."
"Gurdwara Sahib Dasmesh Darbar","Stunning architecture and history."
"Gurdwara Sahib Manikaran","Stunning architecture and history."
"Gurdwara Anandpur Sahib","Stunning architecture and history."
"Gurdwara Janam Asthan","Stunning architecture and history."
"Golden Temple","Stunning architecture and history."
"Ram Mandir","Stunning architecture and history."
"Rangnath Swamy Temple","Stunning architecture and history."
"Kali Ghat","Stunning architecture and history."
"Shakeshwari Temple","Stunning architecture and history."
"Siddhivinayak Temple","Stunning architecture and history."
"Dakshayani Devi Temple","Stunning architecture and history."
"Hinglaj Mata Temple","Stunning architecture and history."
"Naina Devi","Stunning architecture and history."
"Badrinath","Stunning architecture and history."
"Kedarnath","Stunning architecture and history."
"Amarnath","Stunning architecture and history."
"Tripura Sundri Temple","Stunning architecture and history."
"Banke Bihari","Stunning architecture and history."
"Vaishno Devi","Stunning architecture and history."
"Kamakya","Stunning architecture and history."
"Kali Pith","Stunning architecture and history."
"Kashi Vishvanaath","Stunning architecture and history."
"The Sanatorium Fire Temple","A spiritual oasis."
"Yazd Fire Temple","A spiritual oasis."
"Zoroastrian Centre of Canada","A spiritual oasis."
"Fire Temple of Udwada","A spiritual oasis."
"Agiary Mumbai","A spiritual oasis."
"Dilwara Temple","A spiritual oasis."
"Jain Temple, Melbourne","A spiritual oasis."
"Kirti Garbha Temple","A spiritual oasis."
"Jain Temple, Kulpakji","A spiritual oasis."
"Jain Temple, Khajuraho","A spiritual oasis."
"Jain Temple, Ranakpur","A spiritual oasis."
"Uluwatu Temple","A spiritual oasis."
"Maha Bodhi Temple","A spiritual oasis."
"Boudha Nath Stupa","A spiritual oasis."
"Angkor Wat","A spiritual oasis."
"The Temple of Emerald Buddha","A spiritual oasis."
"Notre Dame Cathedral","A spiritual oasis."
"St. Mary's Cathedral","A spiritual oasis."
"St. Paul's Cathedral","A spiritual oasis."
"The Church of the Holy Sepulchre","A spiritual oasis."
"St. Basil's Cathedral","A spiritual oasis."
"Holy Trinity Cathedral","A spiritual oasis."
"Hassan II Mosque","A spiritual oasis."
"Al-Omari Mosque","A spiritual oasis."
"Sultan Ahmed Mosque","A spiritual oasis."
"Shah Jahan Mosque","A spiritual oasis."
"Al-Masjid an-Nabawi","A spiritual oasis."
"Al-Masjid al-Haram","A spiritual oasis."
"Gurdwara Sahib Dasmesh Darbar","A spiritual oasis."
"Gurdwara Sahib Manikaran","A spiritual oasis."
"Gurdwara Anandpur Sahib","A spiritual oasis."
"Gurdwara Janam Asthan","A spiritual oasis."
"Golden Temple","A spiritual oasis."
"Ram Mandir","A spiritual oasis."
"Rangnath Swamy Temple","A spiritual oasis."
"Kali Ghat","A spiritual oasis."
"Shakeshwari Temple","A spiritual oasis."
"Siddhivinayak Temple","A spiritual oasis."
"Dakshayani Devi Temple","A spiritual oasis."
"Hinglaj Mata Temple","A spiritual oasis."
"Naina Devi","A spiritual oasis."
"Badrinath","A spiritual oasis."
"Kedarnath","A spiritual oasis."
"Amarnath","A spiritual oasis."
"Tripura Sundri Temple","A spiritual oasis."
"Banke Bihari","A spiritual oasis."
"Vaishno Devi","A spiritual oasis."
"Kamakya","A spiritual oasis."
"Kali Pith","A spiritual oasis."
"Kashi Vishvanaath","A spiritual oasis."
"The Sanatorium Fire Temple","A tranquil and inspiring place."
"Yazd Fire Temple","A tranquil and inspiring place."
"Zoroastrian Centre of Canada","A tranquil and inspiring place."
"Fire Temple of Udwada","A tranquil and inspiring place."
"Agiary Mumbai","A tranquil and inspiring place."
"Dilwara Temple","A tranquil and inspiring place."
"Jain Temple, Melbourne","A tranquil and inspiring place."
"Kirti Garbha Temple","A tranquil and inspiring place."
"Jain Temple, Kulpakji","A tranquil and inspiring place."
"Jain Temple, Khajuraho","A tranquil and inspiring place."
"Jain Temple, Ranakpur","A tranquil and inspiring place."
"Uluwatu Temple","A tranquil and inspiring place."
"Maha Bodhi Temple","A tranquil and inspiring place."
"Boudha Nath Stupa","A tranquil and inspiring place."
"Angkor Wat","A tranquil and inspiring place."
"The Temple of Emerald Buddha","A tranquil and inspiring place."
"Notre Dame Cathedral","A tranquil and inspiring place."
"St. Mary's Cathedral","A tranquil and inspiring place."
"St. Paul's Cathedral","A tranquil and inspiring place."
"The Church of the Holy Sepulchre","A tranquil and inspiring place."
"St. Basil's Cathedral","A tranquil and inspiring place."
"Holy Trinity Cathedral","A tranquil and inspiring place."
"Hassan II Mosque","A tranquil and inspiring place."
"Al-Omari Mosque","A tranquil and inspiring place."
"Sultan Ahmed Mosque","A tranquil and inspiring place."
"Shah Jahan Mosque","A tranquil and inspiring place."
"Al-Masjid an-Nabawi","A tranquil and inspiring place."
"Al-Masjid al-Haram","A tranquil and inspiring place."
"Gurdwara Sahib Dasmesh Darbar","A tranquil and inspiring place."
"Gurdwara Sahib Manikaran","A tranquil and inspiring place."
"Gurdwara Anandpur Sahib","A tranquil and inspiring place."
"Gurdwara Janam Asthan","A tranquil and inspiring place."
"Golden Temple","A tranquil and inspiring place."
"Ram Mandir","A tranquil and inspiring place."
"Rangnath Swamy Temple","A tranquil and inspiring place."
"Kali Ghat","A tranquil and inspiring place."
"Shakeshwari Temple","A tranquil and inspiring place."
"Siddhivinayak Temple","A tranquil and inspiring place."
"Dakshayani Devi Temple","A tranquil and inspiring place."
"Hinglaj Mata Temple","A tranquil and inspiring place."
"Naina Devi","A tranquil and inspiring place."
"Badrinath","A tranquil and inspiring place."
"Kedarnath","A tranquil and inspiring place."
"Amarnath","A tranquil and inspiring place."
"Tripura Sundri Temple","A tranquil and inspiring place."
"Banke Bihari","A tranquil and inspiring place."
"Vaishno Devi","A tranquil and inspiring place."
"Kamakya","A tranquil and inspiring place."
"Kali Pith","A tranquil and inspiring place."
"Kashi Vishvanaath","A tranquil and inspiring place."
"The Sanatorium Fire Temple","A stunning architectural wonder."
"Yazd Fire Temple","A stunning architectural wonder."
"Zoroastrian Centre of Canada","A stunning architectural wonder."
"Fire Temple of Udwada","A stunning architectural wonder."
"Agiary Mumbai","A stunning architectural wonder."
"Dilwara Temple","A stunning architectural wonder."
"Jain Temple, Melbourne","A stunning architectural wonder."
"Kirti Garbha Temple","A stunning architectural wonder."
"Jain Temple, Kulpakji","A stunning architectural wonder."
"Jain Temple, Khajuraho","A stunning architectural wonder."
"Jain Temple, Ranakpur","A stunning architectural wonder."
"Uluwatu Temple","A stunning architectural wonder."
"Maha Bodhi Temple","A stunning architectural wonder."
"Boudha Nath Stupa","A stunning architectural wonder."
"Angkor Wat","A stunning architectural wonder."
"The Temple of Emerald Buddha","A stunning architectural wonder."
"Notre Dame Cathedral","A stunning architectural wonder."
"St. Mary's Cathedral","A stunning architectural wonder."
"St. Paul's Cathedral","A stunning architectural wonder."
"The Church of the Holy Sepulchre","A stunning architectural wonder."
"St. Basil's Cathedral","A stunning architectural wonder."
"Holy Trinity Cathedral","A stunning architectural wonder."
"Hassan II Mosque","A stunning architectural wonder."
"Al-Omari Mosque","A stunning architectural wonder."
"Sultan Ahmed Mosque","A stunning architectural wonder."
"Shah Jahan Mosque","A stunning architectural wonder."
"Al-Masjid an-Nabawi","A stunning architectural wonder."
"Al-Masjid al-Haram","A stunning architectural wonder."
"Gurdwara Sahib Dasmesh Darbar","A stunning architectural wonder."
"Gurdwara Sahib Manikaran","A stunning architectural wonder."
"Gurdwara Anandpur Sahib","A stunning architectural wonder."
"Gurdwara Janam Asthan","A stunning architectural wonder."
"Golden Temple","A stunning architectural wonder."
"Ram Mandir","A stunning architectural wonder."
"Rangnath Swamy Temple","A stunning architectural wonder."
"Kali Ghat","A stunning architectural wonder."
"Shakeshwari Temple","A stunning architectural wonder."
"Siddhivinayak Temple","A stunning architectural wonder."
"Dakshayani Devi Temple","A stunning architectural wonder."
"Hinglaj Mata Temple","A stunning architectural wonder."
"Naina Devi","A stunning architectural wonder."
"Badrinath","A stunning architectural wonder."
"Kedarnath","A stunning architectural wonder."
"Amarnath","A stunning architectural wonder."
"Tripura Sundri Temple","A stunning architectural wonder."
"Banke Bihari","A stunning architectural wonder."
"Vaishno Devi","A stunning architectural wonder."
"Kamakya","A stunning architectural wonder."
"Kali Pith","A stunning architectural wonder."
"Kashi Vishvanaath","A stunning architectural wonder."
"The Sanatorium Fire Temple","An important site for Christians."
"Yazd Fire Temple","An important site for Christians."
"Zoroastrian Centre of Canada","An important site for Christians."
"Fire Temple of Udwada","An important site for Christians."
"Agiary Mumbai","An important site for Christians."
"Dilwara Temple","An important site for Christians."
"Jain Temple, Melbourne","An important site for Christians."
"Kirti Garbha Temple","An important site for Christians."
"Jain Temple, Kulpakji","An important site for Christians."
"Jain Temple, Khajuraho","An important site for Christians."
"Jain Temple, Ranakpur","An important site for Christians."
"Uluwatu Temple","An important site for Christians."
"Maha Bodhi Temple","An important site for Christians."
"Boudha Nath Stupa","An important site for Christians."
"Angkor Wat","An important site for Christians."
"The Temple of Emerald Buddha","An important site for Christians."
"Notre Dame Cathedral","An important site for Christians."
"St. Mary's Cathedral","An important site for Christians."
"St. Paul's Cathedral","An important site for Christians."
"The Church of the Holy Sepulchre","An important site for Christians."
"St. Basil's Cathedral","An important site for Christians."
"Holy Trinity Cathedral","An important site for Christians."
"Hassan II Mosque","An important site for Christians."
"Al-Omari Mosque","An important site for Christians."
"Sultan Ahmed Mosque","An important site for Christians."
"Shah Jahan Mosque","An important site for Christians."
"Al-Masjid an-Nabawi","An important site for Christians."
"Al-Masjid al-Haram","An important site for Christians."
"Gurdwara Sahib Dasmesh Darbar","An important site for Christians."
"Gurdwara Sahib Manikaran","An important site for Christians."
"Gurdwara Anandpur Sahib","An important site for Christians."
"Gurdwara Janam Asthan","An important site for Christians."
"Golden Temple","An important site for Christians."
"Ram Mandir","An important site for Christians."
"Rangnath Swamy Temple","An important site for Christians."
"Kali Ghat","An important site for Christians."
"Shakeshwari Temple","An important site for Christians."
"Siddhivinayak Temple","An important site for Christians."
"Dakshayani Devi Temple","An important site for Christians."
"Hinglaj Mata Temple","An important site for Christians."
"Naina Devi","An important site for Christians."
"Badrinath","An important site for Christians."
"Kedarnath","An important site for Christians."
"Amarnath","An important site for Christians."
"Tripura Sundri Temple","An important site for Christians."
"Banke Bihari","An important site for Christians."
"Vaishno Devi","An important site for Christians."
"Kamakya","An important site for Christians."
"Kali Pith","An important site for Christians."
"Kashi Vishvanaath","An important site for Christians."
"The Sanatorium Fire Temple","A spectacular church."
"Yazd Fire Temple","A spectacular church."
"Zoroastrian Centre of Canada","A spectacular church."
"Fire Temple of Udwada","A spectacular church."
"Agiary Mumbai","A spectacular church."
"Dilwara Temple","A spectacular church."
"Jain Temple, Melbourne","A spectacular church."
"Kirti Garbha Temple","A spectacular church."
"Jain Temple, Kulpakji","A spectacular church."
"Jain Temple, Khajuraho","A spectacular church."
"Jain Temple, Ranakpur","A spectacular church."
"Uluwatu Temple","A spectacular church."
"Maha Bodhi Temple","A spectacular church."
"Boudha Nath Stupa","A spectacular church."
"Angkor Wat","A spectacular church."
"The Temple of Emerald Buddha","A spectacular church."
"Notre Dame Cathedral","A spectacular church."
"St. Mary's Cathedral","A spectacular church."
"St. Paul's Cathedral","A spectacular church."
"The Church of the Holy Sepulchre","A spectacular church."
"St. Basil's Cathedral","A spectacular church."
"Holy Trinity Cathedral","A spectacular church."
"Hassan II Mosque","A spectacular church."
"Al-Omari Mosque","A spectacular church."
"Sultan Ahmed Mosque","A spectacular church."
"Shah Jahan Mosque","A spectacular church."
"Al-Masjid an-Nabawi","A spectacular church."
"Al-Masjid al-Haram","A spectacular church."
"Gurdwara Sahib Dasmesh Darbar","A spectacular church."
"Gurdwara Sahib Manikaran","A spectacular church."
"Gurdwara Anandpur Sahib","A spectacular church."
"Gurdwara Janam Asthan","A spectacular church."
"Golden Temple","A spectacular church."
"Ram Mandir","A spectacular church."
"Rangnath Swamy Temple","A spectacular church."
"Kali Ghat","A spectacular church."
"Shakeshwari Temple","A spectacular church."
"Siddhivinayak Temple","A spectacular church."
"Dakshayani Devi Temple","A spectacular church."
"Hinglaj Mata Temple","A spectacular church."
"Naina Devi","A spectacular church."
"Badrinath","A spectacular church."
"Kedarnath","A spectacular church."
"Amarnath","A spectacular church."
"Tripura Sundri Temple","A spectacular church."
"Banke Bihari","A spectacular church."
"Vaishno Devi","A spectacular church."
"Kamakya","A spectacular church."
"Kali Pith","A spectacular church."
"Kashi Vishvanaath","A spectacular church."
"The Sanatorium Fire Temple","An iconic place of worship."
"Yazd Fire Temple","An iconic place of worship."
"Zoroastrian Centre of Canada","An iconic place of worship."
"Fire Temple of Udwada","An iconic place of worship."
"Agiary Mumbai","An iconic place of worship."
"Dilwara Temple","An iconic place of worship."
"Jain Temple, Melbourne","An iconic place of worship."
"Kirti Garbha Temple","An iconic place of worship."
"Jain Temple, Kulpakji","An iconic place of worship."
"Jain Temple, Khajuraho","An iconic place of worship."
"Jain Temple, Ranakpur","An iconic place of worship."
"Uluwatu Temple","An iconic place of worship."
"Maha Bodhi Temple","An iconic place of worship."
"Boudha Nath Stupa","An iconic place of worship."
"Angkor Wat","An iconic place of worship."
"The Temple of Emerald Buddha","An iconic place of worship."
"Notre Dame Cathedral","An iconic place of worship."
"St. Mary's Cathedral","An iconic place of worship."
"St. Paul's Cathedral","An iconic place of worship."
"The Church of the Holy Sepulchre","An iconic place of worship."
"St. Basil's Cathedral","An iconic place of worship."
"Holy Trinity Cathedral","An iconic place of worship."
"Hassan II Mosque","An iconic place of worship."
"Al-Omari Mosque","An iconic place of worship."
"Sultan Ahmed Mosque","An iconic place of worship."
"Shah Jahan Mosque","An iconic place of worship."
"Al-Masjid an-Nabawi","An iconic place of worship."
"Al-Masjid al-Haram","An iconic place of worship."
"Gurdwara Sahib Dasmesh Darbar","An iconic place of worship."
"Gurdwara Sahib Manikaran","An iconic place of worship."
"Gurdwara Anandpur Sahib","An iconic place of worship."
"Gurdwara Janam Asthan","An iconic place of worship."
"Golden Temple","An iconic place of worship."
"Ram Mandir","An iconic place of worship."
"Rangnath Swamy Temple","An iconic place of worship."
"Kali Ghat","An iconic place of worship."
"Shakeshwari Temple","An iconic place of worship."
"Siddhivinayak Temple","An iconic place of worship."
"Dakshayani Devi Temple","An iconic place of worship."
"Hinglaj Mata Temple","An iconic place of worship."
"Naina Devi","An iconic place of worship."
"Badrinath","An iconic place of worship."
"Kedarnath","An iconic place of worship."
"Amarnath","An iconic place of worship."
"Tripura Sundri Temple","An iconic place of worship."
"Banke Bihari","An iconic place of worship."
"Vaishno Devi","An iconic place of worship."
"Kamakya","An iconic place of worship."
"Kali Pith","An iconic place of worship."
"Kashi Vishvanaath","An iconic place of worship."
"The Sanatorium Fire Temple","A stunning example of ancient architecture."
"Yazd Fire Temple","A stunning example of ancient architecture."
"Zoroastrian Centre of Canada","A stunning example of ancient architecture."
"Fire Temple of Udwada","A stunning example of ancient architecture."
"Agiary Mumbai","A stunning example of ancient architecture."
"Dilwara Temple","A stunning example of ancient architecture."
"Jain Temple, Melbourne","A stunning example of ancient architecture."
"Kirti Garbha Temple","A stunning example of ancient architecture."
"Jain Temple, Kulpakji","A stunning example of ancient architecture."
"Jain Temple, Khajuraho","A stunning example of ancient architecture."
"Jain Temple, Ranakpur","A stunning example of ancient architecture."
"Uluwatu Temple","A stunning example of ancient architecture."
"Maha Bodhi Temple","A stunning example of ancient architecture."
"Boudha Nath Stupa","A stunning example of ancient architecture."
"Angkor Wat","A stunning example of ancient architecture."
"The Temple of Emerald Buddha","A stunning example of ancient architecture."
"Notre Dame Cathedral","A stunning example of ancient architecture."
"St. Mary's Cathedral","A stunning example of ancient architecture."
"St. Paul's Cathedral","A stunning example of ancient architecture."
"The Church of the Holy Sepulchre","A stunning example of ancient architecture."
"St. Basil's Cathedral","A stunning example of ancient architecture."
"Holy Trinity Cathedral","A stunning example of ancient architecture."
"Hassan II Mosque","A stunning example of ancient architecture."
"Al-Omari Mosque","A stunning example of ancient architecture."
"Sultan Ahmed Mosque","A stunning example of ancient architecture."
"Shah Jahan Mosque","A stunning example of ancient architecture."
"Al-Masjid an-Nabawi","A stunning example of ancient architecture."
"Al-Masjid al-Haram","A stunning example of ancient architecture."
"Gurdwara Sahib Dasmesh Darbar","A stunning example of ancient architecture."
"Gurdwara Sahib Manikaran","A stunning example of ancient architecture."
"Gurdwara Anandpur Sahib","A stunning example of ancient architecture."
"Gurdwara Janam Asthan","A stunning example of ancient architecture."
"Golden Temple","A stunning example of ancient architecture."
"Ram Mandir","A stunning example of ancient architecture."
"Rangnath Swamy Temple","A stunning example of ancient architecture."
"Kali Ghat","A stunning example of ancient architecture."
"Shakeshwari Temple","A stunning example of ancient architecture."
"Siddhivinayak Temple","A stunning example of ancient architecture."
"Dakshayani Devi Temple","A stunning example of ancient architecture."
"Hinglaj Mata Temple","A stunning example of ancient architecture."
"Naina Devi","A stunning example of ancient architecture."
"Badrinath","A stunning example of ancient architecture."
"Kedarnath","A stunning example of ancient architecture."
"Amarnath","A stunning example of ancient architecture."
"Tripura Sundri Temple","A stunning example of ancient architecture."
"Banke Bihari","A stunning example of ancient architecture."
"Vaishno Devi","A stunning example of ancient architecture."
"Kamakya","A stunning example of ancient architecture."
"Kali Pith","A stunning example of ancient architecture."
"Kashi Vishvanaath","A stunning example of ancient architecture."
"The Sanatorium Fire Temple","A magnificent stupa with deep spiritual significance."
"Yazd Fire Temple","A magnificent stupa with deep spiritual significance."
"Zoroastrian Centre of Canada","A magnificent stupa with deep spiritual significance."
"Fire Temple of Udwada","A magnificent stupa with deep spiritual significance."
"Agiary Mumbai","A magnificent stupa with deep spiritual significance."
"Dilwara Temple","A magnificent stupa with deep spiritual significance."
"Jain Temple, Melbourne","A magnificent stupa with deep spiritual significance."
"Kirti Garbha Temple","A magnificent stupa with deep spiritual significance."
"Jain Temple, Kulpakji","A magnificent stupa with deep spiritual significance."
"Jain Temple, Khajuraho","A magnificent stupa with deep spiritual significance."
"Jain Temple, Ranakpur","A magnificent stupa with deep spiritual significance."
"Uluwatu Temple","A magnificent stupa with deep spiritual significance."
"Maha Bodhi Temple","A magnificent stupa with deep spiritual significance."
"Boudha Nath Stupa","A magnificent stupa with deep spiritual significance."
"Angkor Wat","A magnificent stupa with deep spiritual significance."
"The Temple of Emerald Buddha","A magnificent stupa with deep spiritual significance."
"Notre Dame Cathedral","A magnificent stupa with deep spiritual significance."
"St. Mary's Cathedral","A magnificent stupa with deep spiritual significance."
"St. Paul's Cathedral","A magnificent stupa with deep spiritual significance."
"The Church of the Holy Sepulchre","A magnificent stupa with deep spiritual significance."
"St. Basil's Cathedral","A magnificent stupa with deep spiritual significance."
"Holy Trinity Cathedral","A magnificent stupa with deep spiritual significance."
"Hassan II Mosque","A magnificent stupa with deep spiritual significance."
"Al-Omari Mosque","A magnificent stupa with deep spiritual significance."
"Sultan Ahmed Mosque","A magnificent stupa with deep spiritual significance."
"Shah Jahan Mosque","A magnificent stupa with deep spiritual significance."
"Al-Masjid an-Nabawi","A magnificent stupa with deep spiritual significance."
"Al-Masjid al-Haram","A magnificent stupa with deep spiritual significance."
"Gurdwara Sahib Dasmesh Darbar","A magnificent stupa with deep spiritual significance."
"Gurdwara Sahib Manikaran","A magnificent stupa with deep spiritual significance."
"Gurdwara Anandpur Sahib","A magnificent stupa with deep spiritual significance."
"Gurdwara Janam Asthan","A magnificent stupa with deep spiritual significance."
"Golden Temple","A magnificent stupa with deep spiritual significance."
"Ram Mandir","A magnificent stupa with deep spiritual significance."
"Rangnath Swamy Temple","A magnificent stupa with deep spiritual significance."
"Kali Ghat","A magnificent stupa with deep spiritual significance."
"Shakeshwari Temple","A magnificent stupa with deep spiritual significance."
"Siddhivinayak Temple","A magnificent stupa with deep spiritual significance."
"Dakshayani Devi Temple","A magnificent stupa with deep spiritual significance."
"Hinglaj Mata Temple","A magnificent stupa with deep spiritual significance."
"Naina Devi","A magnificent stupa with deep spiritual significance."
"Badrinath","A magnificent stupa with deep spiritual significance."
"Kedarnath","A magnificent stupa with deep spiritual significance."
"Amarnath","A magnificent stupa with deep spiritual significance."
"Tripura Sundri Temple","A magnificent stupa with deep spiritual significance."
"Banke Bihari","A magnificent stupa with deep spiritual significance."
"Vaishno Devi","A magnificent stupa with deep spiritual significance."
"Kamakya","A magnificent stupa with deep spiritual significance."
"Kali Pith","A magnificent stupa with deep spiritual significance."
"Kashi Vishvanaath","A magnificent stupa with deep spiritual significance."
"The Sanatorium Fire Temple","An important Buddhist site."
"Yazd Fire Temple","An important Buddhist site."
"Zoroastrian Centre of Canada","An important Buddhist site."
"Fire Temple of Udwada","An important Buddhist site."
"Agiary Mumbai","An important Buddhist site."
"Dilwara Temple","An important Buddhist site."
"Jain Temple, Melbourne","An important Buddhist site."
"Kirti Garbha Temple","An important Buddhist site."
"Jain Temple, Kulpakji","An important Buddhist site."
"Jain Temple, Khajuraho","An important Buddhist site."
"Jain Temple, Ranakpur","An important Buddhist site."
"Uluwatu Temple","An important Buddhist site."
"Maha Bodhi Temple","An important Buddhist site."
"Boudha Nath Stupa","An important Buddhist site."
"Angkor Wat","An important Buddhist site."
"The Temple of Emerald Buddha","An important Buddhist site."
"Notre Dame Cathedral","An important Buddhist site."
"St. Mary's Cathedral","An important Buddhist site."
"St. Paul's Cathedral","An important Buddhist site."
"The Church of the Holy Sepulchre","An important Buddhist site."
"St. Basil's Cathedral","An important Buddhist site."
"Holy Trinity Cathedral","An important Buddhist site."
"Hassan II Mosque","An important Buddhist site."
"Al-Omari Mosque","An important Buddhist site."
"Sultan Ahmed Mosque","An important Buddhist site."
"Shah Jahan Mosque","An important Buddhist site."
"Al-Masjid an-Nabawi","An important Buddhist site."
"Al-Masjid al-Haram","An important Buddhist site."
"Gurdwara Sahib Dasmesh Darbar","An important Buddhist site."
"Gurdwara Sahib Manikaran","An important Buddhist site."
"Gurdwara Anandpur Sahib","An important Buddhist site."
"Gurdwara Janam Asthan","An important Buddhist site."
"Golden Temple","An important Buddhist site."
"Ram Mandir","An important Buddhist site."
"Rangnath Swamy Temple","An important Buddhist site."
"Kali Ghat","An important Buddhist site."
"Shakeshwari Temple","An important Buddhist site."
"Siddhivinayak Temple","An important Buddhist site."
"Dakshayani Devi Temple","An important Buddhist site."
"Hinglaj Mata Temple","An important Buddhist site."
"Naina Devi","An important Buddhist site."
"Badrinath","An important Buddhist site."
"Kedarnath","An important Buddhist site."
"Amarnath","An important Buddhist site."
"Tripura Sundri Temple","An important Buddhist site."
"Banke Bihari","An important Buddhist site."
"Vaishno Devi","An important Buddhist site."
"Kamakya","An important Buddhist site."
"Kali Pith","An important Buddhist site."
"Kashi Vishvanaath","An important Buddhist site."
"The Sanatorium Fire Temple","A serene and spiritual place."
"Yazd Fire Temple","A serene and spiritual place."
"Zoroastrian Centre of Canada","A serene and spiritual place."
"Fire Temple of Udwada","A serene and spiritual place."
"Agiary Mumbai","A serene and spiritual place."
"Dilwara Temple","A serene and spiritual place."
"Jain Temple, Melbourne","A serene and spiritual place."
"Kirti Garbha Temple","A serene and spiritual place."
"Jain Temple, Kulpakji","A serene and spiritual place."
"Jain Temple, Khajuraho","A serene and spiritual place."
"Jain Temple, Ranakpur","A serene and spiritual place."
"Uluwatu Temple","A serene and spiritual place."
"Maha Bodhi Temple","A serene and spiritual place."
"Boudha Nath Stupa","A serene and spiritual place."
"Angkor Wat","A serene and spiritual place."
"The Temple of Emerald Buddha","A serene and spiritual place."
"Notre Dame Cathedral","A serene and spiritual place."
"St. Mary's Cathedral","A serene and spiritual place."
"St. Paul's Cathedral","A serene and spiritual place."
"The Church of the Holy Sepulchre","A serene and spiritual place."
"St. Basil's Cathedral","A serene and spiritual place."
"Holy Trinity Cathedral","A serene and spiritual place."
"Hassan II Mosque","A serene and spiritual place."
"Al-Omari Mosque","A serene and spiritual place."
"Sultan Ahmed Mosque","A serene and spiritual place."
"Shah Jahan Mosque","A serene and spiritual place."
"Al-Masjid an-Nabawi","A serene and spiritual place."
"Al-Masjid al-Haram","A serene and spiritual place."
"Gurdwara Sahib Dasmesh Darbar","A serene and spiritual place."
"Gurdwara Sahib Manikaran","A serene and spiritual place."
"Gurdwara Anandpur Sahib","A serene and spiritual place."
"Gurdwara Janam Asthan","A serene and spiritual place."
"Golden Temple","A serene and spiritual place."
"Ram Mandir","A serene and spiritual place."
"Rangnath Swamy Temple","A serene and spiritual place."
"Kali Ghat","A serene and spiritual place."
"Shakeshwari Temple","A serene and spiritual place."
"Siddhivinayak Temple","A serene and spiritual place."
"Dakshayani Devi Temple","A serene and spiritual place."
"Hinglaj Mata Temple","A serene and spiritual place."
"Naina Devi","A serene and spiritual place."
"Badrinath","A serene and spiritual place."
"Kedarnath","A serene and spiritual place."
"Amarnath","A serene and spiritual place."
"Tripura Sundri Temple","A serene and spiritual place."
"Banke Bihari","A serene and spiritual place."
"Vaishno Devi","A serene and spiritual place."
"Kamakya","A serene and spiritual place."
"Kali Pith","A serene and spiritual place."
"Kashi Vishvanaath","A serene and spiritual place."
"The Sanatorium Fire Temple","Incredible architecture and history."
"Yazd Fire Temple","Incredible architecture and history."
"Zoroastrian Centre of Canada","Incredible architecture and history."
"Fire Temple of Udwada","Incredible architecture and history."
"Agiary Mumbai","Incredible architecture and history."
"Dilwara Temple","Incredible architecture and history."
"Jain Temple, Melbourne","Incredible architecture and history."
"Kirti Garbha Temple","Incredible architecture and history."
"Jain Temple, Kulpakji","Incredible architecture and history."
"Jain Temple, Khajuraho","Incredible architecture and history."
"Jain Temple, Ranakpur","Incredible architecture and history."
"Uluwatu Temple","Incredible architecture and history."
"Maha Bodhi Temple","Incredible architecture and history."
"Boudha Nath Stupa","Incredible architecture and history."
"Angkor Wat","Incredible architecture and history."
"The Temple of Emerald Buddha","Incredible architecture and history."
"Notre Dame Cathedral","Incredible architecture and history."
"St. Mary's Cathedral","Incredible architecture and history."
"St. Paul's Cathedral","Incredible architecture and history."
"The Church of the Holy Sepulchre","Incredible architecture and history."
"St. Basil's Cathedral","Incredible architecture and history."
"Holy Trinity Cathedral","Incredible architecture and history."
"Hassan II Mosque","Incredible architecture and history."
"Al-Omari Mosque","Incredible architecture and history."
"Sultan Ahmed Mosque","Incredible architecture and history."
"Shah Jahan Mosque","Incredible architecture and history."
"Al-Masjid an-Nabawi","Incredible architecture and history."
"Al-Masjid al-Haram","Incredible architecture and history."
"Gurdwara Sahib Dasmesh Darbar","Incredible architecture and history."
"Gurdwara Sahib Manikaran","Incredible architecture and history."
"Gurdwara Anandpur Sahib","Incredible architecture and history."
"Gurdwara Janam Asthan","Incredible architecture and history."
"Golden Temple","Incredible architecture and history."
"Ram Mandir","Incredible architecture and history."
"Rangnath Swamy Temple","Incredible architecture and history."
"Kali Ghat","Incredible architecture and history."
"Shakeshwari Temple","Incredible architecture and history."
"Siddhivinayak Temple","Incredible architecture and history."
"Dakshayani Devi Temple","Incredible architecture and history."
"Hinglaj Mata Temple","Incredible architecture and history."
"Naina Devi","Incredible architecture and history."
"Badrinath","Incredible architecture and history."
"Kedarnath","Incredible architecture and history."
"Amarnath","Incredible architecture and history."
"Tripura Sundri Temple","Incredible architecture and history."
"Banke Bihari","Incredible architecture and history."
"Vaishno Devi","Incredible architecture and history."
"Kamakya","Incredible architecture and history."
"Kali Pith","Incredible architecture and history."
"Kashi Vishvanaath","Incredible architecture and history."
"The Sanatorium Fire Temple","A beautiful and tranquil temple."
"Yazd Fire Temple","A beautiful and tranquil temple."
"Zoroastrian Centre of Canada","A beautiful and tranquil temple."
"Fire Temple of Udwada","A beautiful and tranquil temple."
"Agiary Mumbai","A beautiful and tranquil temple."
"Dilwara Temple","A beautiful and tranquil temple."
"Jain Temple, Melbourne","A beautiful and tranquil temple."
"Kirti Garbha Temple","A beautiful and tranquil temple."
"Jain Temple, Kulpakji","A beautiful and tranquil temple."
"Jain Temple, Khajuraho","A beautiful and tranquil temple."
"Jain Temple, Ranakpur","A beautiful and tranquil temple."
"Uluwatu Temple","A beautiful and tranquil temple."
"Maha Bodhi Temple","A beautiful and tranquil temple."
"Boudha Nath Stupa","A beautiful and tranquil temple."
"Angkor Wat","A beautiful and tranquil temple."
"The Temple of Emerald Buddha","A beautiful and tranquil temple."
"Notre Dame Cathedral","A beautiful and tranquil temple."
"St. Mary's Cathedral","A beautiful and tranquil temple."
"St. Paul's Cathedral","A beautiful and tranquil temple."
"The Church of the Holy Sepulchre","A beautiful and tranquil temple."
"St. Basil's Cathedral","A beautiful and tranquil temple."
"Holy Trinity Cathedral","A beautiful and tranquil temple."
"Hassan II Mosque","A beautiful and tranquil temple."
"Al-Omari Mosque","A beautiful and tranquil temple."
"Sultan Ahmed Mosque","A beautiful and tranquil temple."
"Shah Jahan Mosque","A beautiful and tranquil temple."
"Al-Masjid an-Nabawi","A beautiful and tranquil temple."
"Al-Masjid al-Haram","A beautiful and tranquil temple."
"Gurdwara Sahib Dasmesh Darbar","A beautiful and tranquil temple."
"Gurdwara Sahib Manikaran","A beautiful and tranquil temple."
"Gurdwara Anandpur Sahib","A beautiful and tranquil temple."
"Gurdwara Janam Asthan","A beautiful and tranquil temple."
"Golden Temple","A beautiful and tranquil temple."
"Ram Mandir","A beautiful and tranquil temple."
"Rangnath Swamy Temple","A beautiful and tranquil temple."
"Kali Ghat","A beautiful and tranquil temple."
"Shakeshwari Temple","A beautiful and tranquil temple."
"Siddhivinayak Temple","A beautiful and tranquil temple."
"Dakshayani Devi Temple","A beautiful and tranquil temple."
"Hinglaj Mata Temple","A beautiful and tranquil temple."
"Naina Devi","A beautiful and tranquil temple."
"Badrinath","A beautiful and tranquil temple."
"Kedarnath","A beautiful and tranquil temple."
"Amarnath","A beautiful and tranquil temple."
"Tripura Sundri Temple","A beautiful and tranquil temple."
"Banke Bihari","A beautiful and tranquil temple."
"Vaishno Devi","A beautiful and tranquil temple."
"Kamakya","A beautiful and tranquil temple."
"Kali Pith","A beautiful and tranquil temple."
"Kashi Vishvanaath","A beautiful and tranquil temple."
"The Sanatorium Fire Temple","An amazing temple in Australia."
"Yazd Fire Temple","An amazing temple in Australia."
"Zoroastrian Centre of Canada","An amazing temple in Australia."
"Fire Temple of Udwada","An amazing temple in Australia."
"Agiary Mumbai","An amazing temple in Australia."
"Dilwara Temple","An amazing temple in Australia."
"Jain Temple, Melbourne","An amazing temple in Australia."
"Kirti Garbha Temple","An amazing temple in Australia."
"Jain Temple, Kulpakji","An amazing temple in Australia."
"Jain Temple, Khajuraho","An amazing temple in Australia."
"Jain Temple, Ranakpur","An amazing temple in Australia."
"Uluwatu Temple","An amazing temple in Australia."
"Maha Bodhi Temple","An amazing temple in Australia."
"Boudha Nath Stupa","An amazing temple in Australia."
"Angkor Wat","An amazing temple in Australia."
"The Temple of Emerald Buddha","An amazing temple in Australia."
"Notre Dame Cathedral","An amazing temple in Australia."
"St. Mary's Cathedral","An amazing temple in Australia."
"St. Paul's Cathedral","An amazing temple in Australia."
"The Church of the Holy Sepulchre","An amazing temple in Australia."
"St. Basil's Cathedral","An amazing temple in Australia."
"Holy Trinity Cathedral","An amazing temple in Australia."
"Hassan II Mosque","An amazing temple in Australia."
"Al-Omari Mosque","An amazing temple in Australia."
"Sultan Ahmed Mosque","An amazing temple in Australia."
"Shah Jahan Mosque","An amazing temple in Australia."
"Al-Masjid an-Nabawi","An amazing temple in Australia."
"Al-Masjid al-Haram","An amazing temple in Australia."
"Gurdwara Sahib Dasmesh Darbar","An amazing temple in Australia."
"Gurdwara Sahib Manikaran","An amazing temple in Australia."
"Gurdwara Anandpur Sahib","An amazing temple in Australia."
"Gurdwara Janam Asthan","An amazing temple in Australia."
"Golden Temple","An amazing temple in Australia."
"Ram Mandir","An amazing temple in Australia."
"Rangnath Swamy Temple","An amazing temple in Australia."
"Kali Ghat","An amazing temple in Australia."
"Shakeshwari Temple","An amazing temple in Australia."
"Siddhivinayak Temple","An amazing temple in Australia."
"Dakshayani Devi Temple","An amazing temple in Australia."
"Hinglaj Mata Temple","An amazing temple in Australia."
"Naina Devi","An amazing temple in Australia."
"Badrinath","An amazing temple in Australia."
"Kedarnath","An amazing temple in Australia."
"Amarnath","An amazing temple in Australia."
"Tripura Sundri Temple","An amazing temple in Australia."
"Banke Bihari","An amazing temple in Australia."
"Vaishno Devi","An amazing temple in Australia."
"Kamakya","An amazing temple in Australia."
"Kali Pith","An amazing temple in Australia."
"Kashi Vishvanaath","An amazing temple in Australia."
"The Sanatorium Fire Temple","A historic site with deep significance."
"Yazd Fire Temple","A historic site with deep significance."
"Zoroastrian Centre of Canada","A historic site with deep significance."
"Fire Temple of Udwada","A historic site with deep significance."
"Agiary Mumbai","A historic site with deep significance."
"Dilwara Temple","A historic site with deep significance."
"Jain Temple, Melbourne","A historic site with deep significance."
"Kirti Garbha Temple","A historic site with deep significance."
"Jain Temple, Kulpakji","A historic site with deep significance."
"Jain Temple, Khajuraho","A historic site with deep significance."
"Jain Temple, Ranakpur","A historic site with deep significance."
"Uluwatu Temple","A historic site with deep significance."
"Maha Bodhi Temple","A historic site with deep significance."
"Boudha Nath Stupa","A historic site with deep significance."
"Angkor Wat","A historic site with deep significance."
"The Temple of Emerald Buddha","A historic site with deep significance."
"Notre Dame Cathedral","A historic site with deep significance."
"St. Mary's Cathedral","A historic site with deep significance."
"St. Paul's Cathedral","A historic site with deep significance."
"The Church of the Holy Sepulchre","A historic site with deep significance."
"St. Basil's Cathedral","A historic site with deep significance."
"Holy Trinity Cathedral","A historic site with deep significance."
"Hassan II Mosque","A historic site with deep significance."
"Al-Omari Mosque","A historic site with deep significance."
"Sultan Ahmed Mosque","A historic site with deep significance."
"Shah Jahan Mosque","A historic site with deep significance."
"Al-Masjid an-Nabawi","A historic site with deep significance."
"Al-Masjid al-Haram","A historic site with deep significance."
"Gurdwara Sahib Dasmesh Darbar","A historic site with deep significance."
"Gurdwara Sahib Manikaran","A historic site with deep significance."
"Gurdwara Anandpur Sahib","A historic site with deep significance."
"Gurdwara Janam Asthan","A historic site with deep significance."
"Golden Temple","A historic site with deep significance."
"Ram Mandir","A historic site with deep significance."
"Rangnath Swamy Temple","A historic site with deep significance."
"Kali Ghat","A historic site with deep significance."
"Shakeshwari Temple","A historic site with deep significance."
"Siddhivinayak Temple","A historic site with deep significance."
"Dakshayani Devi Temple","A historic site with deep significance."
"Hinglaj Mata Temple","A historic site with deep significance."
"Naina Devi","A historic site with deep significance."
"Badrinath","A historic site with deep significance."
"Kedarnath","A historic site with deep significance."
"Amarnath","A historic site with deep significance."
"Tripura Sundri Temple","A historic site with deep significance."
"Banke Bihari","A historic site with deep significance."
"Vaishno Devi","A historic site with deep significance."
"Kamakya","A historic site with deep significance."
"Kali Pith","A historic site with deep significance."
"Kashi Vishvanaath","A historic site with deep significance."
"The Sanatorium Fire Temple","A beautiful fire temple."
"Yazd Fire Temple","A beautiful fire temple."
"Zoroastrian Centre of Canada","A beautiful fire temple."
"Fire Temple of Udwada","A beautiful fire temple."
"Agiary Mumbai","A beautiful fire temple."
"Dilwara Temple","A beautiful fire temple."
"Jain Temple, Melbourne","A beautiful fire temple."
"Kirti Garbha Temple","A beautiful fire temple."
"Jain Temple, Kulpakji","A beautiful fire temple."
"Jain Temple, Khajuraho","A beautiful fire temple."
"Jain Temple, Ranakpur","A beautiful fire temple."
"Uluwatu Temple","A beautiful fire temple."
"Maha Bodhi Temple","A beautiful fire temple."
"Boudha Nath Stupa","A beautiful fire temple."
"Angkor Wat","A beautiful fire temple."
"The Temple of Emerald Buddha","A beautiful fire temple."
"Notre Dame Cathedral","A beautiful fire temple."
"St. Mary's Cathedral","A beautiful fire temple."
"St. Paul's Cathedral","A beautiful fire temple."
"The Church of the Holy Sepulchre","A beautiful fire temple."
"St. Basil's Cathedral","A beautiful fire temple."
"Holy Trinity Cathedral","A beautiful fire temple."
"Hassan II Mosque","A beautiful fire temple."
"Al-Omari Mosque","A beautiful fire temple."
"Sultan Ahmed Mosque","A beautiful fire temple."
"Shah Jahan Mosque","A beautiful fire temple."
"Al-Masjid an-Nabawi","A beautiful fire temple."
"Al-Masjid al-Haram","A beautiful fire temple."
"Gurdwara Sahib Dasmesh Darbar","A beautiful fire temple."
"Gurdwara Sahib Manikaran","A beautiful fire temple."
"Gurdwara Anandpur Sahib","A beautiful fire temple."
"Gurdwara Janam Asthan","A beautiful fire temple."
"Golden Temple","A beautiful fire temple."
"Ram Mandir","A beautiful fire temple."
"Rangnath Swamy Temple","A beautiful fire temple."
"Kali Ghat","A beautiful fire temple."
"Shakeshwari Temple","A beautiful fire temple."
"Siddhivinayak Temple","A beautiful fire temple."
"Dakshayani Devi Temple","A beautiful fire temple."
"Hinglaj Mata Temple","A beautiful fire temple."
"Naina Devi","A beautiful fire temple."
"Badrinath","A beautiful fire temple."
"Kedarnath","A beautiful fire temple."
"Amarnath","A beautiful fire temple."
"Tripura Sundri Temple","A beautiful fire temple."
"Banke Bihari","A beautiful fire temple."
"Vaishno Devi","A beautiful fire temple."
"Kamakya","A beautiful fire temple."
"Kali Pith","A beautiful fire temple."
"Kashi Vishvanaath","A beautiful fire temple."
"The Sanatorium Fire Temple","An impressive site with a rich history."
"Yazd Fire Temple","An impressive site with a rich history."
"Zoroastrian Centre of Canada","An impressive site with a rich history."
"Fire Temple of Udwada","An impressive site with a rich history."
"Agiary Mumbai","An impressive site with a rich history."
"Dilwara Temple","An impressive site with a rich history."
"Jain Temple, Melbourne","An impressive site with a rich history."
"Kirti Garbha Temple","An impressive site with a rich history."
"Jain Temple, Kulpakji","An impressive site with a rich history."
"Jain Temple, Khajuraho","An impressive site with a rich history."
"Jain Temple, Ranakpur","An impressive site with a rich history."
"Uluwatu Temple","An impressive site with a rich history."
"Maha Bodhi Temple","An impressive site with a rich history."
"Boudha Nath Stupa","An impressive site with a rich history."
"Angkor Wat","An impressive site with a rich history."
"The Temple of Emerald Buddha","An impressive site with a rich history."
"Notre Dame Cathedral","An impressive site with a rich history."
"St. Mary's Cathedral","An impressive site with a rich history."
"St. Paul's Cathedral","An impressive site with a rich history."
"The Church of the Holy Sepulchre","An impressive site with a rich history."
"St. Basil's Cathedral","An impressive site with a rich history."
"Holy Trinity Cathedral","An impressive site with a rich history."
"Hassan II Mosque","An impressive site with a rich history."
"Al-Omari Mosque","An impressive site with a rich history."
"Sultan Ahmed Mosque","An impressive site with a rich history."
"Shah Jahan Mosque","An impressive site with a rich history."
"Al-Masjid an-Nabawi","An impressive site with a rich history."
"Al-Masjid al-Haram","An impressive site with a rich history."
"Gurdwara Sahib Dasmesh Darbar","An impressive site with a rich history."
"Gurdwara Sahib Manikaran","An impressive site with a rich history."
"Gurdwara Anandpur Sahib","An impressive site with a rich history."
"Gurdwara Janam Asthan","An impressive site with a rich history."
"Golden Temple","An impressive site with a rich history."
"Ram Mandir","An impressive site with a rich history."
"Rangnath Swamy Temple","An impressive site with a rich history."
"Kali Ghat","An impressive site with a rich history."
"Shakeshwari Temple","An impressive site with a rich history."
"Siddhivinayak Temple","An impressive site with a rich history."
"Dakshayani Devi Temple","An impressive site with a rich history."
"Hinglaj Mata Temple","An impressive site with a rich history."
"Naina Devi","An impressive site with a rich history."
"Badrinath","An impressive site with a rich history."
"Kedarnath","An impressive site with a rich history."
"Amarnath","An impressive site with a rich history."
"Tripura Sundri Temple","An impressive site with a rich history."
"Banke Bihari","An impressive site with a rich history."
"Vaishno Devi","An impressive site with a rich history."
"Kamakya","An impressive site with a rich history."
"Kali Pith","An impressive site with a rich history."
"Kashi Vishvanaath","An impressive site with a rich history."
"The Sanatorium Fire Temple","A serene place of worship."
"Yazd Fire Temple","A serene place of worship."
"Zoroastrian Centre of Canada","A serene place of worship."
"Fire Temple of Udwada","A serene place of worship."
"Agiary Mumbai","A serene place of worship."
"Dilwara Temple","A serene place of worship."
"Jain Temple, Melbourne","A serene place of worship."
"Kirti Garbha Temple","A serene place of worship."
"Jain Temple, Kulpakji","A serene place of worship."
"Jain Temple, Khajuraho","A serene place of worship."
"Jain Temple, Ranakpur","A serene place of worship."
"Uluwatu Temple","A serene place of worship."
"Maha Bodhi Temple","A serene place of worship."
"Boudha Nath Stupa","A serene place of worship."
"Angkor Wat","A serene place of worship."
"The Temple of Emerald Buddha","A serene place of worship."
"Notre Dame Cathedral","A serene place of worship."
"St. Mary's Cathedral","A serene place of worship."
"St. Paul's Cathedral","A serene place of worship."
"The Church of the Holy Sepulchre","A serene place of worship."
"St. Basil's Cathedral","A serene place of worship."
"Holy Trinity Cathedral","A serene place of worship."
"Hassan II Mosque","A serene place of worship."
"Al-Omari Mosque","A serene place of worship."
"Sultan Ahmed Mosque","A serene place of worship."
"Shah Jahan Mosque","A serene place of worship."
"Al-Masjid an-Nabawi","A serene place of worship."
"Al-Masjid al-Haram","A serene place of worship."
"Gurdwara Sahib Dasmesh Darbar","A serene place of worship."
"Gurdwara Sahib Manikaran","A serene place of worship."
"Gurdwara Anandpur Sahib","A serene place of worship."
"Gurdwara Janam Asthan","A serene place of worship."
"Golden Temple","A serene place of worship."
"Ram Mandir","A serene place of worship."
"Rangnath Swamy Temple","A serene place of worship."
"Kali Ghat","A serene place of worship."
"Shakeshwari Temple","A serene place of worship."
"Siddhivinayak Temple","A serene place of worship."
"Dakshayani Devi Temple","A serene place of worship."
"Hinglaj Mata Temple","A serene place of worship."
"Naina Devi","A serene place of worship."
"Badrinath","A serene place of worship."
"Kedarnath","A serene place of worship."
"Amarnath","A serene place of worship."
"Tripura Sundri Temple","A serene place of worship."
"Banke Bihari","A serene place of worship."
"Vaishno Devi","A serene place of worship."
"Kamakya","A serene place of worship."
"Kali Pith","A serene place of worship."
"Kashi Vishvanaath","A serene place of worship."
