"table_name","identifier","length"
"pilgrimage",1,17
"pilgrimage",2,9
"pilgrimage",3,7
"pilgrimage",4,12
"pilgrimage",5,12
"pilgrimage",6,21
"pilgrimage",7,8
"pilgrimage",8,9
"pilgrimage",9,9
"pilgrimage",10,10
"pilgrimage",11,19
"pilgrimage",12,22
"pilgrimage",13,20
"pilgrimage",14,18
"pilgrimage",15,9
"pilgrimage",16,21
"pilgrimage",17,10
"pilgrimage",18,13
"pilgrimage",19,21
"pilgrimage",20,23
"pilgrimage",21,24
"pilgrimage",22,29
"pilgrimage",23,18
"pilgrimage",24,19
"pilgrimage",25,17
"pilgrimage",26,19
"pilgrimage",27,15
"pilgrimage",28,16
"pilgrimage",29,22
"pilgrimage",30,21
"pilgrimage",31,32
"pilgrimage",32,20
"pilgrimage",33,20
"pilgrimage",34,20
"pilgrimage",35,28
"pilgrimage",36,10
"pilgrimage",37,17
"pilgrimage",38,17
"pilgrimage",39,14
"pilgrimage",40,21
"pilgrimage",41,22
"pilgrimage",42,21
"pilgrimage",43,19
"pilgrimage",44,22
"pilgrimage",45,14
"pilgrimage",46,13
"pilgrimage",47,21
"pilgrimage",48,28
"pilgrimage",49,16
"pilgrimage",50,26
"pilgrimage_events",51,15
"pilgrimage_events",52,21
"pilgrimage_events",53,12
"pilgrimage_events",54,18
"pilgrimage_events",55,19
"pilgrimage_events",56,24
"pilgrimage_events",57,14
"pilgrimage_events",58,17
"pilgrimage_events",59,17
"pilgrimage_events",60,14
"pilgrimage_events",61,17
"pilgrimage_events",62,21
"pilgrimage_events",63,23
"pilgrimage_events",64,27
"pilgrimage_events",65,18
"pilgrimage_events",66,23
"pilgrimage_events",67,23
"pilgrimage_events",68,19
"pilgrimage_events",69,33
"pilgrimage_events",70,17
"pilgrimage_events",71,18
"pilgrimage_events",72,26
"pilgrimage_events",73,11
"pilgrimage_events",74,27
"pilgrimage_events",75,26
"pilgrimage_events",76,21
"pilgrimage_events",77,26
"pilgrimage_events",78,25
"pilgrimage_events",79,21
"pilgrimage_events",80,15
"pilgrimage_events",81,18
"pilgrimage_events",82,14
"pilgrimage_events",83,14
"pilgrimage_events",84,19
"pilgrimage_events",85,23
"pilgrimage_events",86,19
"pilgrimage_events",87,26
"pilgrimage_events",88,16
"pilgrimage_events",89,23
"pilgrimage_events",90,22
"pilgrimage_events",91,18
"pilgrimage_events",92,17
"pilgrimage_events",93,21
"pilgrimage_events",94,23
"pilgrimage_events",95,23
"pilgrimage_events",96,15
"pilgrimage_events",97,20
"pilgrimage_events",98,25
"pilgrimage_events",99,18
"pilgrimage_events",100,24
"pilgrimage_reviews",1,13
"pilgrimage_reviews",2,12
"pilgrimage_reviews",3,9
"pilgrimage_reviews",4,10
"pilgrimage_reviews",5,11
"pilgrimage_reviews",6,13
"pilgrimage_reviews",7,10
"pilgrimage_reviews",8,12
"pilgrimage_reviews",9,10
"pilgrimage_reviews",10,11
"pilgrimage_reviews",11,11
"pilgrimage_reviews",12,11
"pilgrimage_reviews",13,12
"pilgrimage_reviews",14,11
"pilgrimage_reviews",15,10
"pilgrimage_reviews",16,13
"pilgrimage_reviews",17,11
"pilgrimage_reviews",18,11
"pilgrimage_reviews",19,11
"pilgrimage_reviews",20,13
"pilgrimage_reviews",21,14
"pilgrimage_reviews",22,12
"pilgrimage_reviews",23,10
"pilgrimage_reviews",24,14
"pilgrimage_reviews",25,9
"pilgrimage_reviews",26,13
"pilgrimage_reviews",27,11
"pilgrimage_reviews",28,11
"pilgrimage_reviews",29,11
"pilgrimage_reviews",30,15
"pilgrimage_reviews",31,13
"pilgrimage_reviews",32,12
"pilgrimage_reviews",33,10
"pilgrimage_reviews",34,12
"pilgrimage_reviews",35,11
"pilgrimage_reviews",36,8
"pilgrimage_reviews",37,11
"pilgrimage_reviews",38,13
"pilgrimage_reviews",39,12
"pilgrimage_reviews",40,9
"pilgrimage_reviews",41,11
"pilgrimage_reviews",42,15
"pilgrimage_reviews",43,8
"pilgrimage_reviews",44,12
"pilgrimage_reviews",45,9
"pilgrimage_reviews",46,12
"pilgrimage_reviews",47,13
"pilgrimage_reviews",48,10
"pilgrimage_reviews",49,12
"pilgrimage_reviews",50,13
"pilgrimage_reviews",1,38
"pilgrimage_reviews",2,30
"pilgrimage_reviews",3,35
"pilgrimage_reviews",4,24
"pilgrimage_reviews",5,21
"pilgrimage_reviews",6,20
"pilgrimage_reviews",7,34
"pilgrimage_reviews",8,24
"pilgrimage_reviews",9,27
"pilgrimage_reviews",10,32
"pilgrimage_reviews",11,20
"pilgrimage_reviews",12,29
"pilgrimage_reviews",13,28
"pilgrimage_reviews",14,13
"pilgrimage_reviews",15,34
"pilgrimage_reviews",16,33
"pilgrimage_reviews",17,30
"pilgrimage_reviews",18,24
"pilgrimage_reviews",19,34
"pilgrimage_reviews",20,30
"pilgrimage_reviews",21,31
"pilgrimage_reviews",22,19
"pilgrimage_reviews",23,31
"pilgrimage_reviews",24,24
"pilgrimage_reviews",25,30
"pilgrimage_reviews",26,34
"pilgrimage_reviews",27,18
"pilgrimage_reviews",28,29
"pilgrimage_reviews",29,31
"pilgrimage_reviews",30,32
"pilgrimage_reviews",31,33
"pilgrimage_reviews",32,35
"pilgrimage_reviews",33,21
"pilgrimage_reviews",34,27
"pilgrimage_reviews",35,45
"pilgrimage_reviews",36,43
"pilgrimage_reviews",37,53
"pilgrimage_reviews",38,27
"pilgrimage_reviews",39,33
"pilgrimage_reviews",40,29
"pilgrimage_reviews",41,36
"pilgrimage_reviews",42,32
"pilgrimage_reviews",43,28
"pilgrimage_reviews",44,31
"pilgrimage_reviews",45,39
"pilgrimage_reviews",46,22
"pilgrimage_reviews",47,24
"pilgrimage_reviews",48,22
"pilgrimage_reviews",49,39
"pilgrimage_reviews",50,26
